TxHash,BlockNumber,UnixTimestamp,FromAddress,ToAddress,ContractAddress,Type,Value,Fee,Status,ErrCode,CurrentPrice,TxDateOpeningPrice,TxDateClosingPrice
0x4dd3145a4937db93910f3fa580809eb4acdedf6b1afbe455a1ec6af684d90ab8,20066167,2024-04-08 16:29:15.000000Z,0x9F83A430081fBC7D03b36C1115213De1D8217D83,0xB6Bad00525221EB28Eb911a0B1162a0709b4CE57,,IN,0,17208103976348334012,ok,,,,
0x89540d1d11070de58d02e611319a09c1a4dfd53e7d972b9211320b15b2ebd730,20066163,2024-04-08 16:28:35.000000Z,0xbaC78328A7679a090758C1814AB3065fC6e90639,0xB6Bad00525221EB28Eb911a0B1162a0709b4CE57,,IN,0,14377084025018450703,ok,,,,
0xcc99558078a9cf901322484d9daedcab32fffdd109b393c1eec135b522c97810,20066155,2024-04-08 16:27:15.000000Z,0x9F83A430081fBC7D03b36C1115213De1D8217D83,0xB6Bad00525221EB28Eb911a0B1162a0709b4CE57,,IN,0,10865225234340758820,ok,,,,
0x958d56e6ddcef1e90df566369dafa99ed7760c957b49c26b87c6be02f541180a,20066124,2024-04-08 16:22:05.000000Z,0x49c1250A747505FBA4dC16CAefC38BD4A0Bf64FF,0xB6Bad00525221EB28Eb911a0B1162a0709b4CE57,,IN,0,15474089597764152906,ok,,,,
0x4fcb85dabd8c53bfc25a0202a16e394c4d8bf1612546ac2ab5d56713113e15ea,20066118,2024-04-08 16:21:05.000000Z,0xF0b6d6ebf35E17fCF4e385d7A3942B0225AF6bC5,0xB6Bad00525221EB28Eb911a0B1162a0709b4CE57,,IN,0,10021433696118535262,ok,,,,
0x91da6a41210bf02a06bce73312e664a79842891f9fc139d1cea67f4291beef87,20066118,2024-04-08 16:21:05.000000Z,0xF0b6d6ebf35E17fCF4e385d7A3942B0225AF6bC5,0xB6Bad00525221EB28Eb911a0B1162a0709b4CE57,,IN,0,11058657455004126462,ok,,,,
0xba1ae98186b429085c59ae416fb07a26cfa212c7a09b7ddca7470008ef80fec4,20066111,2024-04-08 16:19:55.000000Z,0x9F83A430081fBC7D03b36C1115213De1D8217D83,0xB6Bad00525221EB28Eb911a0B1162a0709b4CE57,,IN,0,15008271064023117009,ok,,,,
0x4d9b53146ff817900a6eb8bcc21bb3b7d511906f3a39d23447b57f276835190e,20066095,2024-04-08 16:17:15.000000Z,0x9F83A430081fBC7D03b36C1115213De1D8217D83,0xB6Bad00525221EB28Eb911a0B1162a0709b4CE57,,IN,0,15348780856932793272,ok,,,,
0x537eaffb177f016c2f4c53678f2874418a9f8be7819834d5087071207499a77f,20065964,2024-04-08 15:54:25.000000Z,0xFeA1247B10AacC90B1c8fEcafa496Da7714D9e10,0xB6Bad00525221EB28Eb911a0B1162a0709b4CE57,,IN,0,21615879612455555430,ok,,,,
0x52ecf47266410476a3f55697b56dcf782fb1998f401fa3896801ca93806eee8c,20065935,2024-04-08 15:49:25.000000Z,0xFeA1247B10AacC90B1c8fEcafa496Da7714D9e10,0xB6Bad00525221EB28Eb911a0B1162a0709b4CE57,,IN,0,27281515754263449060,ok,,,,
0xcc75191c6bdb5ce54a710839eeaa70f67ab124aa8889e3d85aab0ff9e74973fe,20065922,2024-04-08 15:47:15.000000Z,0x4E637cE5eb8a0D626E2F0ff1B72B831e4Ad3A7bF,0xB6Bad00525221EB28Eb911a0B1162a0709b4CE57,,IN,0,14874658815262234560,ok,,,,
0xabbc61614750b6f99c6342d9033825be5dfcedb44b93ee087b3a9cbed267d915,20065817,2024-04-08 15:28:55.000000Z,0x3Fba638d53E240ec3947e8784206c6Aa3C4e0446,0xB6Bad00525221EB28Eb911a0B1162a0709b4CE57,,IN,0,1395958042587634921125,ok,,,,
0x9670b53050fe99c28871f32bf4227dddadc9dc84d2e6580fde2b14467a68399d,20065712,2024-04-08 15:11:05.000000Z,0x2F10aA4a2D9EfA2DBF66703953cAC00BB515cacf,0xB6Bad00525221EB28Eb911a0B1162a0709b4CE57,,IN,0,61971413597858983554,ok,,,,
0xaa3d8e64840c114a4cbad98c3f382c70b31b9fd49243d5e367124f54f9f56218,20065709,2024-04-08 15:10:35.000000Z,0x2F10aA4a2D9EfA2DBF66703953cAC00BB515cacf,0xB6Bad00525221EB28Eb911a0B1162a0709b4CE57,,IN,0,107200713038379006339,ok,,,,
0x25578d25aea1e40586e80566a8bbb4ba367826f66a92d4e1aa81ba1e94e74f5d,20065599,2024-04-08 14:51:25.000000Z,0x96f34bC1c814C4CE9f4c1A507E549d948F1017Db,0xB6Bad00525221EB28Eb911a0B1162a0709b4CE57,,IN,0,45029962100593066119,ok,,,,
0xaebe7d4411859f3d3aab25abeb33302dbcd72e12fca48fdf803ff932418fe06b,20065537,2024-04-08 14:40:45.000000Z,0x6E9F49cd04ecEB3839fc9443974C1B7518Df58Aa,0xB6Bad00525221EB28Eb911a0B1162a0709b4CE57,,IN,0,48012773163191848404,ok,,,,
0x6aaf1527c218b91f84f9a35cd9254a9db84368afa60f049549f39541dab2e944,20065509,2024-04-08 14:35:45.000000Z,0x3EeD652f4e8851684611565C35096d3F8978B3A3,0xB6Bad00525221EB28Eb911a0B1162a0709b4CE57,,IN,0,19873891134277088100,ok,,,,
0x10572f6d6f8505705a853415651e68923ce0318716704b834b4afb9c68a97b53,20065447,2024-04-08 14:24:35.000000Z,0xC0f453dFe5bfc0Ea50EE940EF32Cf55F6B993bA8,0xB6Bad00525221EB28Eb911a0B1162a0709b4CE57,,IN,0,27454797927254952396,ok,,,,
0x118213458cb1ac2a1b90d7f4cf0490e6a7b73793ce5724a564973faa294f6bd0,20065411,2024-04-08 14:18:15.000000Z,0xa2110b959098Ff5623F68B58B59DF5faC15D6638,0xB6Bad00525221EB28Eb911a0B1162a0709b4CE57,,IN,0,610999956214000000000,ok,,,,
0x9b83e4d1bd8c1c4e05bef4e78d70895a3ea32656d3e26ae5c6ec775f1386e960,20065186,2024-04-08 13:40:15.000000Z,0x0B6ccD2d71db498001Dbad734a9047d4eB1a9D4C,0xB6Bad00525221EB28Eb911a0B1162a0709b4CE57,,IN,0,15562265148720189108,ok,,,,
0x0b1f04535da227c2cd0263c88874a5ddd642105efe9167ee0cff9134709cfcf6,20065138,2024-04-08 13:31:55.000000Z,0x61Ffb4AeA9a0eA943DD0a8afF67b8d53b0ABCEE7,0xB6Bad00525221EB28Eb911a0B1162a0709b4CE57,,IN,0,19587629678795804367,ok,,,,
0x0df0f1caced5b7cd60fb9faee287a84d804f8758ceb77016b73033c4cacba699,20065091,2024-04-08 13:23:35.000000Z,0x5E970B1D669691068c0F1C8c8c60D686f9120F00,0xB6Bad00525221EB28Eb911a0B1162a0709b4CE57,,IN,0,12002803230000000000,ok,,,,
0x3885e1d36ffd1b5218fb787d8317a423f32d9c8ee13e39d97585f626b6665660,20064978,2024-04-08 13:04:15.000000Z,0x68fF0bbD6907f5080f78F08326661c469689430d,0xB6Bad00525221EB28Eb911a0B1162a0709b4CE57,,IN,0,22001248819741634193,ok,,,,
0x3490edbc444140a0893cefc34baf9d7d4cc54e6b96c52d5e6e65588d861fd6fa,20064905,2024-04-08 12:51:35.000000Z,0x7afaCFcAcc0806BDf296d9bFf7fE0295A47C801f,0xB6Bad00525221EB28Eb911a0B1162a0709b4CE57,,IN,0,29894429025000000000,ok,,,,
0x49f582fa45dd39929ae3d3d92b3038331c91c7a7d8acd603de6e796e7e9004a9,20064835,2024-04-08 12:39:45.000000Z,0x0758c586061fc67D75Ef7eBE047b7d970F624012,0xB6Bad00525221EB28Eb911a0B1162a0709b4CE57,,IN,0,19750795413668322030,ok,,,,
0x591f74cb74f71b1322ce80d37aa0ebdfd4771b02d417b91b85cceb1ea1e8390e,20064731,2024-04-08 12:21:45.000000Z,0xCd2DA074DE3abBDfeCbe90254a3F25eFd9B528d7,0xB6Bad00525221EB28Eb911a0B1162a0709b4CE57,,IN,0,18001568736000000000,ok,,,,
0xeb55658fe29e648e3ed57821947f6c8925846f45e08fe516800b956fd2b1fac4,20064698,2024-04-08 12:16:05.000000Z,0x40bDa4366eFa7149D1C58962d5adAfbF907784a6,0xB6Bad00525221EB28Eb911a0B1162a0709b4CE57,,IN,0,22177906230000000000,ok,,,,
0x8e5a2cfe6398fa6e528966ee55a6cdd81b573aedf5e1a5dfc98f637546880de2,20064683,2024-04-08 12:13:35.000000Z,0x9Be83826AFDf22a88027f8e5b79f428178bd9635,0xB6Bad00525221EB28Eb911a0B1162a0709b4CE57,,IN,0,37216544202000000000,ok,,,,
0x642847217e40784310134bc20042c93d65981d0fea52c3cacd73657696eb3af5,20064674,2024-04-08 12:12:05.000000Z,0xAE305C88BE434A48D612BB48c4FfE9374573824d,0xB6Bad00525221EB28Eb911a0B1162a0709b4CE57,,IN,0,854098087034000000000,ok,,,,
0xbf0ceca50797e72601c60ca545d7dc4bbc270b2f5b92fa1466177f2886725e25,20064637,2024-04-08 12:05:45.000000Z,0x6D815cC9B51F8317F6567D210A108f493f795793,0xB6Bad00525221EB28Eb911a0B1162a0709b4CE57,,IN,0,14946101489841235668,ok,,,,
0x2afc02e3983be753ad66c9803615ca60e7134421af059664991289aa26a022a6,20064629,2024-04-08 12:04:25.000000Z,0x89Bb31ED0059c13D5883A4BD9A086635b22601E2,0xB6Bad00525221EB28Eb911a0B1162a0709b4CE57,,IN,0,25597584126142728363,ok,,,,
0xdc8032ce71e86cd1b3cf1762e6fa67b5d5e5af63e22f3a19002486a473a1191e,20064613,2024-04-08 12:01:35.000000Z,0x0f9aBAE340F08C1c685dd9fc12725B5246f3b418,0xB6Bad00525221EB28Eb911a0B1162a0709b4CE57,,IN,0,11240914630196703705,ok,,,,
0x9f9428cb601cdb51c6e4830fe949e24d6865d437c8dcd1105a2c93de817aee5b,20064603,2024-04-08 11:59:45.000000Z,0xBD0Ca42Fbc65C7e67220eC99C075697ef0a82C3E,0xB6Bad00525221EB28Eb911a0B1162a0709b4CE57,,IN,0,39313851228000000000,ok,,,,
0xc14338c67dfc59790c3629e60febf3e1548c2331744e35d4608c09d473366d93,20064546,2024-04-08 11:49:35.000000Z,0xaCE7538e64ac6451761ccFF471d5Aa976fe25725,0xB6Bad00525221EB28Eb911a0B1162a0709b4CE57,,IN,0,1055136000000000000000,ok,,,,
0x05d7cd9070a69d29037da97d289a68dc20a476aa16a678019b44a5a3cb68b4e5,20064520,2024-04-08 11:45:05.000000Z,0xEfD1F5f69ae52abB416349793Ba72fC5022d7044,0xB6Bad00525221EB28Eb911a0B1162a0709b4CE57,,IN,0,12094341184736629665,ok,,,,
0x857ebf07ba34da286ea4d935f66ae3a7a8a9a62d915da27e42947c25be4bd8eb,20064519,2024-04-08 11:44:55.000000Z,0x70cBAFCa3c3d14380d27Bb90C1c2104FdA3e06b7,0xB6Bad00525221EB28Eb911a0B1162a0709b4CE57,,IN,0,11069771959265817699,ok,,,,
0x56f1ab4bb4dbd11338071bd350382438c1d7da099e476530663df464f2f1999c,20064464,2024-04-08 11:35:25.000000Z,0x5F3a9D23B186424141d4058e7F95b7fCD2B4b6CF,0xB6Bad00525221EB28Eb911a0B1162a0709b4CE57,,IN,0,15812442410009554860,ok,,,,
0x953703547565080f116ae5327200be37f03a568dcdc5e717e25222b00823aa40,20064275,2024-04-08 11:01:45.000000Z,0xf70cDC723866073E4b7C67d87760505c46F2892f,0xB6Bad00525221EB28Eb911a0B1162a0709b4CE57,,IN,0,25009679669661173781,ok,,,,
0x57f5b018ff15b90bb92d368953833d19cdf2fb49a89d9d2a66a5fa123d24b3f6,20064230,2024-04-08 10:54:15.000000Z,0x5B080612ed975700Cadc86174775f739Cb213864,0xB6Bad00525221EB28Eb911a0B1162a0709b4CE57,,IN,0,16932532041000000000,ok,,,,
0xfaa6947aa7a0df8c8cbfbf321c4183260e3781f2e86f725b2a8560e0339c619a,20064214,2024-04-08 10:51:35.000000Z,0x5B080612ed975700Cadc86174775f739Cb213864,0xB6Bad00525221EB28Eb911a0B1162a0709b4CE57,,IN,0,28350456165000000000,ok,,,,
0xcbf40aaf4db0f22a411e94fc6fcd9a6ac4cccaf56f28946a7b1bd819a55be8e7,20064154,2024-04-08 10:40:55.000000Z,0x2D963CB19EeeAbc23eaf2F4aE6b5Cc90B7BD9Bc7,0xB6Bad00525221EB28Eb911a0B1162a0709b4CE57,,IN,0,24102620031116505735,ok,,,,
0x6b49a0b2a9bb083d1b83aa8b8ecf727416383f1fb3e84705ec0d2dd0eeeeacec,20064077,2024-04-08 10:27:35.000000Z,0xa754be30da49F19C1d8a7649411Df29Efa127622,0xB6Bad00525221EB28Eb911a0B1162a0709b4CE57,,IN,0,22674545714133289080,ok,,,,
0x4aca085659715fbec881283da99dfd6e944aa26eaa641cde74f4bc4371c91306,20063997,2024-04-08 10:13:45.000000Z,0xdaeCC6cDCd796d6d89BD1784c2b34bd05a6f9705,0xB6Bad00525221EB28Eb911a0B1162a0709b4CE57,,IN,0,19235673827394599250,ok,,,,
0xff03a8fc5f2a3d0323aee8f0fb0d9a6d342833f3ea65358ca05f464cefe6de2c,20063826,2024-04-08 09:44:05.000000Z,0x2D93d4a8a622AcB7E01135067657951833BeA261,0xB6Bad00525221EB28Eb911a0B1162a0709b4CE57,,IN,0,19979834478135870864,ok,,,,
0xee3dda28f09c5b1e7eb9e1331364236de4800f192fb3ea5992b71db63b31ce20,20063595,2024-04-08 09:04:45.000000Z,0x49c1250A747505FBA4dC16CAefC38BD4A0Bf64FF,0xB6Bad00525221EB28Eb911a0B1162a0709b4CE57,,IN,0,17802155691244140516,ok,,,,
0xe3588336a40979505a81a13927743cc687a0e06a3a452d6c68b92c995352bc7c,20063444,2024-04-08 08:38:45.000000Z,0x02a0c3Ae298C9818F0966115997dF0c77EE03B24,0xB6Bad00525221EB28Eb911a0B1162a0709b4CE57,,IN,0,50126871660000000000,ok,,,,
0x5f54a826e7e582e46906bd6fc8e988e46fdcfc9290a305f4f468b00b6ae6ece3,20063378,2024-04-08 08:27:05.000000Z,0x62374858035afaDA9d131FEAa7c22463091bfAe7,0xB6Bad00525221EB28Eb911a0B1162a0709b4CE57,,IN,0,17850126724895177208,ok,,,,
0xbaa2ca0df36978fa1822795994bc2465b4c61e4876dda8dfc7ab4c806359a8f3,20063335,2024-04-08 08:19:55.000000Z,0x62374858035afaDA9d131FEAa7c22463091bfAe7,0xB6Bad00525221EB28Eb911a0B1162a0709b4CE57,,IN,0,16356840505970620689,ok,,,,
0xb16e8f743e854317ad5555979d0e05142d0ad0585e35e1fe805ff1e64d54b241,20063324,2024-04-08 08:18:05.000000Z,0x690F03B37eb4371b83172368FB072D4deC63D7Df,0xB6Bad00525221EB28Eb911a0B1162a0709b4CE57,,IN,0,14461210366496404047,ok,,,,
0x826760251e7c099399908250e390d43546ea7702dcab58eb7c34fd7dbf9eeea8,20063319,2024-04-08 08:17:15.000000Z,0x46E193342Cb67415d76CcBD53c07334C25e11a14,0xB6Bad00525221EB28Eb911a0B1162a0709b4CE57,,IN,0,194473805526000000000,ok,,,,
0x51db67cb0fa56c0d30be6b1ec23bad696a0f552d6a15e443930f5cd612dc03df,20063244,2024-04-08 08:04:35.000000Z,0xD2764FCA2253b9Dff244a69442C5DE342bDF1BD7,0xB6Bad00525221EB28Eb911a0B1162a0709b4CE57,,IN,0,25715696930312861445,ok,,,,
0x5b344c14df7dc1109b4607d94ab40e1d1c34da9b2a061881b47311cd52699dfe,20063069,2024-04-08 07:33:35.000000Z,0xa1D0524efCF0E76A6b92AA3aEdC04caA44555e95,0xB6Bad00525221EB28Eb911a0B1162a0709b4CE57,,IN,0,13558797104333041560,ok,,,,
0xd5b2141ed9d997ff25a8bfff536eed950de0d649cbe46ee1312fc6bb23cb71fb,20063041,2024-04-08 07:28:45.000000Z,0xa1D0524efCF0E76A6b92AA3aEdC04caA44555e95,0xB6Bad00525221EB28Eb911a0B1162a0709b4CE57,,IN,0,17033572153514432655,ok,,,,
0xafd652f5f9fb17a55dfc29f714d155c1d4d11f42690c02d4ce6b2cd5a36dbe20,20063031,2024-04-08 07:26:55.000000Z,0xEC81DAdd6e7Af6fa3F0C2D87cee74fE2A1ff4fda,0xB6Bad00525221EB28Eb911a0B1162a0709b4CE57,,IN,0,9104718599043331941,ok,,,,
0x6947aeed383087f02787638104d830fe450e6d2f4a3bed0e7bbbacb530c96a54,20063028,2024-04-08 07:26:25.000000Z,0xEC81DAdd6e7Af6fa3F0C2D87cee74fE2A1ff4fda,0xB6Bad00525221EB28Eb911a0B1162a0709b4CE57,,IN,0,8366557898546878509,ok,,,,
0xf61d3d01ce4e83c35eae1a671beb8756e26da6258863d7e7cc7d6b36fc42e7d1,20062960,2024-04-08 07:14:45.000000Z,0x70cBAFCa3c3d14380d27Bb90C1c2104FdA3e06b7,0xB6Bad00525221EB28Eb911a0B1162a0709b4CE57,,IN,0,10818771771440203119,ok,,,,
0x32f4003ef1518ed7d5b19fe6cd2c539e8c57345a40c8343972d2de60a7fafea9,20062949,2024-04-08 07:12:45.000000Z,0x16C95629FdC1404617E103BA44e5316494F0D8E3,0xB6Bad00525221EB28Eb911a0B1162a0709b4CE57,,IN,0,440442835114747143224,ok,,,,
0xe3052217531b9373e70a8a4ceccbfd6f63911650be69230ec8b07d68a586ee38,20062793,2024-04-08 06:45:45.000000Z,0xd2A672bCE1455906C47daBdf30a9078FFAcD806a,0xB6Bad00525221EB28Eb911a0B1162a0709b4CE57,,IN,0,16176334904499995568,ok,,,,
0x881a942a67416dc42368d27fbe2d781b330a3786f7b1481bfbeb98e562dca674,20062781,2024-04-08 06:43:35.000000Z,0x7afaCFcAcc0806BDf296d9bFf7fE0295A47C801f,0xB6Bad00525221EB28Eb911a0B1162a0709b4CE57,,IN,0,22183368961086370710,ok,,,,
0x5a5ab48159e8ac1e8d1ffd2a0eec39b8b40b725b9f90ec8d2e4879f9cd9d8a41,20062761,2024-04-08 06:39:55.000000Z,0xF7a80005254966d50a8Db09D46A979186B29BE15,0xB6Bad00525221EB28Eb911a0B1162a0709b4CE57,,IN,0,1086815456284000000000,ok,,,,
0xb7d78400e482383c7dc16bcc7ded1271fa26e3140bacd68760cf1de706826209,20062705,2024-04-08 06:30:25.000000Z,0x4CC4999c1f2cEBa9554EAaCfA23542F15276CA71,0xB6Bad00525221EB28Eb911a0B1162a0709b4CE57,,IN,0,23960503612592344962,ok,,,,
0x6265aa151a24c67e6f3cb4092807a8cead09e3c146cb308fe626bd85fe2857c4,20062664,2024-04-08 06:23:15.000000Z,0x82759e0bd699CB67BA736eD9f418C3B7504Fd4BE,0xB6Bad00525221EB28Eb911a0B1162a0709b4CE57,,IN,0,16022006460434210775,ok,,,,
0x7a40d6e12ac330e36eaaa719452166792b769a5bdaae3237c08852734ae8f1f1,20062639,2024-04-08 06:18:45.000000Z,0x2B1C1222EB359f673bD0ebf23FcE5A060DC0C67A,0xB6Bad00525221EB28Eb911a0B1162a0709b4CE57,,IN,0,17492784626563399116,ok,,,,
0xee85153fad6a1d9b1fd732604d69aba71ca5c97c4546235410506e1155fa5a82,20062597,2024-04-08 06:11:25.000000Z,0x1b0F4daF92dbc92d7eAc79dc4d3DD2D9ac33C626,0xB6Bad00525221EB28Eb911a0B1162a0709b4CE57,,IN,0,11955426038238741471,ok,,,,
0x58ad19886e7383710e8d098dcc95dca323d4bd689de8db41e038a98f86dba0e5,20062591,2024-04-08 06:10:25.000000Z,0xF7a80005254966d50a8Db09D46A979186B29BE15,0xB6Bad00525221EB28Eb911a0B1162a0709b4CE57,,IN,0,373631269912000000000,ok,,,,
0xb410227b4f6284094c3846815b624c9e2e740a332d94e474f6c4648ef1c44735,20062590,2024-04-08 06:10:15.000000Z,0x1b0F4daF92dbc92d7eAc79dc4d3DD2D9ac33C626,0xB6Bad00525221EB28Eb911a0B1162a0709b4CE57,,IN,0,11656777709104372251,ok,,,,
0x1465884812082e720170c0b9c4e19abdbd07f53cc46b62efbb3ef0cfd52cdc89,20062587,2024-04-08 06:09:35.000000Z,0x03b1dE3e3ece5d23E3fb6c1903E70a86d34424Ad,0xB6Bad00525221EB28Eb911a0B1162a0709b4CE57,,IN,0,18008287932658953141,ok,,,,
0xf4df91ff09516b410b77797421369a23f18ba683de9d1976934a450157dfd76e,20062583,2024-04-08 06:08:55.000000Z,0x03b1dE3e3ece5d23E3fb6c1903E70a86d34424Ad,0xB6Bad00525221EB28Eb911a0B1162a0709b4CE57,,IN,0,19924078945219767045,ok,,,,
0xe97a84af70b0ab518abddba141aec3c266814d4c9d257c88b560ed23c6638e0c,20062574,2024-04-08 06:07:15.000000Z,0x044aAF85c17F104dBa21c71a33733D9961bfCB9b,0xB6Bad00525221EB28Eb911a0B1162a0709b4CE57,,IN,0,36658295925000000000,ok,,,,
0xe4b7b3e5479be5831365fac972f672dc78c0856d2848231f6d9a3257c49cae44,20062571,2024-04-08 06:06:45.000000Z,0x03b1dE3e3ece5d23E3fb6c1903E70a86d34424Ad,0xB6Bad00525221EB28Eb911a0B1162a0709b4CE57,,IN,0,16691718170464622802,ok,,,,
0x8b4d1556a139ed74b4e0b71b9c16595a782ec9b50a19567437366218050c6c4c,20062556,2024-04-08 06:04:05.000000Z,0x802DDE1969bB05f5aDDD8a3d33e185675782deA0,0xB6Bad00525221EB28Eb911a0B1162a0709b4CE57,,IN,0,11388456198858130340,ok,,,,
0x68ec4126224fc43ad229411952de59bac78b2b2f2a90335e3de73762be67369e,20062549,2024-04-08 06:02:55.000000Z,0x802DDE1969bB05f5aDDD8a3d33e185675782deA0,0xB6Bad00525221EB28Eb911a0B1162a0709b4CE57,,IN,0,19639693266712781886,ok,,,,
0xde7c07dc7d6cf0a65d861627395bbd97af4d3c632fd6acdd7cfbd6e28ba147e3,20062533,2024-04-08 06:00:05.000000Z,0x4CC4999c1f2cEBa9554EAaCfA23542F15276CA71,0xB6Bad00525221EB28Eb911a0B1162a0709b4CE57,,IN,0,24322461648422426694,ok,,,,
0xf64fad973766cc4771a239c0ae3df3139e43682b9f96d205713182a6b2c3d0d1,20062521,2024-04-08 05:57:45.000000Z,0x4744A0726BfdA74fE4cC311dF6fC21B863cCd4e9,0xB6Bad00525221EB28Eb911a0B1162a0709b4CE57,,IN,0,16002185548525162695,ok,,,,
0xc2cb9eb2c11f68b303c09b62167ddd5608ad9493d0d87e82334f3c73a0e87209,20062512,2024-04-08 05:56:15.000000Z,0x853cD31Fc3FCFa6Ec1B7b6Db600e4896882dEAd9,0xB6Bad00525221EB28Eb911a0B1162a0709b4CE57,,IN,0,19976667842353393380,ok,,,,
0x7dcc175383c4c69386fbc10dc5b9173ddb13ce41171ae28f53a68954e9ee2409,20062492,2024-04-08 05:52:15.000000Z,0x4744A0726BfdA74fE4cC311dF6fC21B863cCd4e9,0xB6Bad00525221EB28Eb911a0B1162a0709b4CE57,,IN,0,16822872103206835245,ok,,,,
0x016200ece028ecdb1e5817daafd671ac01b2c0e374c3a35b777856d0a33c5832,20062481,2024-04-08 05:50:25.000000Z,0x7aAE0f6B20a7D19DB6914bE9dad486Be5643eD6C,0xB6Bad00525221EB28Eb911a0B1162a0709b4CE57,,IN,0,19044117786738178116,ok,,,,
0x9051022a64b6107f02927702f0101fe0951b3b521ae5e570ecb28ef403919936,20062454,2024-04-08 05:45:45.000000Z,0x8997023f133eDFb50Af47E950fe38f7601166E78,0xB6Bad00525221EB28Eb911a0B1162a0709b4CE57,,IN,0,17428172778999463140,ok,,,,
0x8dd5a0cc7af44ade6123f4a706588c8145a5707c22cd6d6d0b06bb5c91756485,20062146,2024-04-08 04:51:45.000000Z,0x044aAF85c17F104dBa21c71a33733D9961bfCB9b,0xB6Bad00525221EB28Eb911a0B1162a0709b4CE57,,IN,0,24699818385000000000,ok,,,,
0xe5969ea15b229ed208a357581486eae62be663891f1f21ac56c0cbaece55b031,20062134,2024-04-08 04:49:45.000000Z,0x044aAF85c17F104dBa21c71a33733D9961bfCB9b,0xB6Bad00525221EB28Eb911a0B1162a0709b4CE57,,IN,0,60021035175000000000,ok,,,,
0x3d064b3b44f9f8456a7c0c62bfe4957b32fef8531f961bcb02dd8db662fd5334,20062077,2024-04-08 04:39:25.000000Z,0x4eb0c034c89ea035CF51a11f56f1e1a7f76f8934,0xB6Bad00525221EB28Eb911a0B1162a0709b4CE57,,IN,0,626688556000285972284,ok,,,,
0xebf211e34c3413957dd2dcf780b146814723add0ce92dda15c5c3a21041619ce,20062074,2024-04-08 04:38:55.000000Z,0xA4Db0b9fF8a6D0efE362186FBC4d66ACB568C8a4,0xB6Bad00525221EB28Eb911a0B1162a0709b4CE57,,IN,0,27680577733300875804,ok,,,,
0x3239b75d62d79d4bd39f3e21ca6bc7c5bb44c60e6edada8d84bafc00b3a100e2,20061989,2024-04-08 04:23:35.000000Z,0xDe13f6Bee4c4dBc16FC4AFCfCdb06f1863c776E2,0xB6Bad00525221EB28Eb911a0B1162a0709b4CE57,,IN,0,31408399919894987640,ok,,,,
0x2a58887aaf3269d64860cb20cfb3c19b5f82430221262ae584d4067491c5f52c,20061983,2024-04-08 04:22:35.000000Z,0xDe13f6Bee4c4dBc16FC4AFCfCdb06f1863c776E2,0xB6Bad00525221EB28Eb911a0B1162a0709b4CE57,,IN,0,28330317409455721425,ok,,,,
0xac8421ec1b310fef9261466b2947f09132b64bffcb86a80be71f3abd43e4b22f,20061966,2024-04-08 04:19:25.000000Z,0x812B5301010497f437B51074E590990464Be184A,0xB6Bad00525221EB28Eb911a0B1162a0709b4CE57,,IN,0,20019086432580907872,ok,,,,
0x2a8aa48c72a3cbab9e4f2c88dd15e22f0e8cbd6abc51577f85dfa3676fcda10b,20061915,2024-04-08 04:10:45.000000Z,0x802DDE1969bB05f5aDDD8a3d33e185675782deA0,0xB6Bad00525221EB28Eb911a0B1162a0709b4CE57,,IN,0,9867210554824609140,ok,,,,
0x88fe90abef25b2421fe892baccc0770ce800de369ea4c766bc83ac308bc7d326,20061824,2024-04-08 03:54:55.000000Z,0xcB246C1121EE67E49A7EfA307874a210B76Bd0C0,0xB6Bad00525221EB28Eb911a0B1162a0709b4CE57,,IN,0,25169670660000000000,ok,,,,
0x05d2b7f421e4bbf06a0a2a7cc2a10a6eec339307abfc6043494dd114f4d38d88,20061765,2024-04-08 03:44:35.000000Z,0x4B6C964467E93B8b94Bd6fF92e096870DEE5F13f,0xB6Bad00525221EB28Eb911a0B1162a0709b4CE57,,IN,0,16810853959850624925,ok,,,,
0x300c4e10dba0e9fccf2e6296cb359b9c09b77159616f66e29bfcb1bbd4e5cc19,20061757,2024-04-08 03:43:15.000000Z,0x5E49d9a7D7c111b1531E99dFA811F91b8Da8e244,0xB6Bad00525221EB28Eb911a0B1162a0709b4CE57,,IN,0,21295019355000000000,ok,,,,
0x2d8a59bbff94872211f0093b8efb505067895ea6c5b013ef7b5297b7bc9bfd2a,20061739,2024-04-08 03:39:15.000000Z,0x5E49d9a7D7c111b1531E99dFA811F91b8Da8e244,0xB6Bad00525221EB28Eb911a0B1162a0709b4CE57,,IN,0,20204955453000000000,ok,,,,
0x31dbda43738eecd96c11ac48f51f4404f9d8af0c07c6e8934f226f68fd36f153,20061726,2024-04-08 03:37:05.000000Z,0x030a2D08F561800c2e6964cb4BB0C712B7DbC35b,0xB6Bad00525221EB28Eb911a0B1162a0709b4CE57,,IN,0,18419166057980205153,ok,,,,
0x7a66a9c9c2e0649657def506f5356f3ae32edd7a830a6ef07ed7d0f9e2691a0d,20061703,2024-04-08 03:33:05.000000Z,0x5E49d9a7D7c111b1531E99dFA811F91b8Da8e244,0xB6Bad00525221EB28Eb911a0B1162a0709b4CE57,,IN,0,33247887831000000000,ok,,,,
0x73c99fad5dcbd217bddd30ea83dbe047710b48e39685539795724b048e88b726,20061645,2024-04-08 03:22:35.000000Z,0xFc1235E6523Becf4b329ed9ADf21750cfAF65Bfb,0xB6Bad00525221EB28Eb911a0B1162a0709b4CE57,,IN,0,19108266563709737370,ok,,,,
0xefd7dddc6d43f011ed8a21e838f181216893b90444a08424723d3ded7efb9144,20061634,2024-04-08 03:20:45.000000Z,0x76Fb6078Dc2537713aA1C3466120B39BBe082798,0xB6Bad00525221EB28Eb911a0B1162a0709b4CE57,,IN,0,16287732299579269815,ok,,,,
0xe7473fcf21d23b1d4f85583bc4a27f89917f3b94c21b6a688a477b4a379a971f,20061627,2024-04-08 03:19:35.000000Z,0x76Fb6078Dc2537713aA1C3466120B39BBe082798,0xB6Bad00525221EB28Eb911a0B1162a0709b4CE57,,IN,0,373585309307647926302,ok,,,,
0x48cd000cd9688396305ab0c9ef558d9f32f1f0f6b4294d54fce652f97255a923,20061556,2024-04-08 03:07:25.000000Z,0x1E480e2295BEDF740cCEC76D027b4103D6CE6d39,0xB6Bad00525221EB28Eb911a0B1162a0709b4CE57,,IN,0,442487059616571881715,ok,,,,
0x58ec28c38ecf5d64697a90521321dab841f08643f16ad6ff72f01c2b5711b462,20061555,2024-04-08 03:07:15.000000Z,0x1143a6C50929c04C022b45af0DBe8f274e2cD04D,0xB6Bad00525221EB28Eb911a0B1162a0709b4CE57,,IN,0,11484410571225267264,ok,,,,
0x2c2315e5be0a2257de01eaeadfb8eb8772f42fe551adcf94224d1828a5a9bb74,20061449,2024-04-08 02:47:55.000000Z,0x9f1922A36178b3509Dde41D5B0A12Ee9C3ca8261,0xB6Bad00525221EB28Eb911a0B1162a0709b4CE57,,IN,0,318132998467070534936,ok,,,,
0x0f0b7a20e9aa133873691376f731b90d1b7ad9ea563574c5d771e2ddd01d84e9,20061419,2024-04-08 02:42:45.000000Z,0x6E04CdEFbBEDee50b6913c808740C838ccd4696e,0xB6Bad00525221EB28Eb911a0B1162a0709b4CE57,,IN,0,18160353806690314065,ok,,,,
0x0bafad446ac33071289784b5eacc0f558ac1cef1b5513f10108af3b4298997c5,20061410,2024-04-08 02:41:15.000000Z,0x7f4BaE9c9A8F273ec9515a1C957E4c5FBC7FbA89,0xB6Bad00525221EB28Eb911a0B1162a0709b4CE57,,IN,0,10238685823494085300,ok,,,,
0xa18730d49c9a2d1c7c18c3d252b0a7ae533fe4c81fa0834f03ce54488d1893d5,20061410,2024-04-08 02:41:15.000000Z,0x7f4BaE9c9A8F273ec9515a1C957E4c5FBC7FbA89,0xB6Bad00525221EB28Eb911a0B1162a0709b4CE57,,IN,0,17965227511888710639,ok,,,,
0x38d27c34daa09d17f1dd2c4ed544f6396d842781b4a1b100cdf02064f559d887,20061398,2024-04-08 02:38:55.000000Z,0x5E012B2001A5Eaf5D43b773989fff6b4d966b2f1,0xB6Bad00525221EB28Eb911a0B1162a0709b4CE57,,IN,0,17020067886906342759,ok,,,,
0xfa0c6ec5d7527767ab619779fc96514cecaca11abbf5fbc06c3cb1eaad8ac46f,20061398,2024-04-08 02:38:55.000000Z,0x6524e16af07e601FA3028787baa95bB589feD25b,0xB6Bad00525221EB28Eb911a0B1162a0709b4CE57,,IN,0,31287319362000000000,ok,,,,
0x96b7ee3c0c6d6381da970ef659e473f5d2240ee80707839691eb72b2023ea76e,20061392,2024-04-08 02:37:55.000000Z,0xcB246C1121EE67E49A7EfA307874a210B76Bd0C0,0xB6Bad00525221EB28Eb911a0B1162a0709b4CE57,,IN,0,31295315610000000000,ok,,,,
0xf00671289b7288f281da8dc677a96442e0067b2dc5658a108f5b07e699fd0f11,20061362,2024-04-08 02:32:55.000000Z,0x653C6C4859C69E5Df0F86184f3203aEb2b3A3773,0xB6Bad00525221EB28Eb911a0B1162a0709b4CE57,,IN,0,16286056500338786016,ok,,,,
0xa9cc7fa7f47b94b327efac462656240a2c7ef96e1f0cd3251e2d1686b94efacf,20061346,2024-04-08 02:30:05.000000Z,0x272c7d43C6F0285972a8e456DB8c7C76508A97Dc,0xB6Bad00525221EB28Eb911a0B1162a0709b4CE57,,IN,0,15534865679438685780,ok,,,,
0x856904314b855456c468d367f503a29d3a06b941c80b94da49ec761aa86319fa,20061297,2024-04-08 02:21:05.000000Z,0xae7417f72Ac4224c62d4988e5d40e3716B0CB4D1,0xB6Bad00525221EB28Eb911a0B1162a0709b4CE57,,IN,0,17187361751310914916,ok,,,,
0xf2fd910d4803fbf05f951a95ab6c26e2f86e22e1d5c2b50b5d9b5e43a81ae7dd,20061285,2024-04-08 02:18:45.000000Z,0xeDCC5bCBbb2c48245bFCC6B5668e2039bB3471e7,0xB6Bad00525221EB28Eb911a0B1162a0709b4CE57,,IN,0,16434419045065221798,ok,,,,
0x003bd7920bc7a7d5bac398faa2cd89d742a9217da45e6490bdddb4dab25c7124,20061276,2024-04-08 02:16:45.000000Z,0xae7417f72Ac4224c62d4988e5d40e3716B0CB4D1,0xB6Bad00525221EB28Eb911a0B1162a0709b4CE57,,IN,0,15990583960305214929,ok,,,,
0x00ed928039aac5d06dc548151f1dc68f85b95112fb1eff78a12d0f6650a9ac07,20061266,2024-04-08 02:14:55.000000Z,0x4024AD89de6fd48BCB7A1b8744D44A55e49322d4,0xB6Bad00525221EB28Eb911a0B1162a0709b4CE57,,IN,0,15509790057535605735,ok,,,,
0xb798c71c634cf4d077207d2c2b5a1738e3af229b129fc303099b0816d5c6756b,20061235,2024-04-08 02:09:45.000000Z,0xae7417f72Ac4224c62d4988e5d40e3716B0CB4D1,0xB6Bad00525221EB28Eb911a0B1162a0709b4CE57,,IN,0,16578330494781753045,ok,,,,
0x3df432af1d277ac9b3f17370bf371d668392eed41027ea0e4cdba253da913113,20061227,2024-04-08 02:07:55.000000Z,0x0d92207DfF6e5468769C7Ea8B00C3E723Ede4f68,0xB6Bad00525221EB28Eb911a0B1162a0709b4CE57,,IN,0,9349863258167185000,ok,,,,
0x53f5b1f2bf2e80197b7bf80ae8973dbff5288f3a968d1ab8aa05a1e83191fa81,20061224,2024-04-08 02:07:25.000000Z,0x0d92207DfF6e5468769C7Ea8B00C3E723Ede4f68,0xB6Bad00525221EB28Eb911a0B1162a0709b4CE57,,IN,0,9268320101146562482,ok,,,,
0xbbb24fef9497abe7b95277e6703b333a4d38fb4a46a1448886d2be037c58692e,20061221,2024-04-08 02:06:55.000000Z,0x0d92207DfF6e5468769C7Ea8B00C3E723Ede4f68,0xB6Bad00525221EB28Eb911a0B1162a0709b4CE57,,IN,0,9969123372448059599,ok,,,,
0x49628364a447ebc17b68384895a89115b89f887180dd4dc8a37053160a9e43e0,20061221,2024-04-08 02:06:55.000000Z,0x0d92207DfF6e5468769C7Ea8B00C3E723Ede4f68,0xB6Bad00525221EB28Eb911a0B1162a0709b4CE57,,IN,0,17302341688779571299,ok,,,,
0x31cbfd3160f1518cb63e709213af8a814177221a42701fbc75a53ca659b31ee3,20061151,2024-04-08 01:53:55.000000Z,0xE008304eF66535Ef13978764FAEaB88d657a594D,0xB6Bad00525221EB28Eb911a0B1162a0709b4CE57,,IN,0,397933643814000000000,ok,,,,
0x59431ddb6cab253fd2681beeb9c56640018541d11f265395bf9462e10b1383d2,20061013,2024-04-08 01:30:45.000000Z,0x4439c814577106E2a09042F283D38D2cFffeaA91,0xB6Bad00525221EB28Eb911a0B1162a0709b4CE57,,IN,0,19768625864638679289,ok,,,,
0x4d6b3a12381047b6df8a9481f2cd71b43584177fe34a1aec48a05d0aeffe19d0,20061006,2024-04-08 01:29:35.000000Z,0x47A5d43F9B7F7FfD17e9Acf19f45e671B8af5a0f,0xB6Bad00525221EB28Eb911a0B1162a0709b4CE57,,IN,0,15662780535000000000,ok,,,,
0x7efac5cf71cf8272b6218c0a3977997c236d048363555b466a53715a16d2086d,20060995,2024-04-08 01:27:45.000000Z,0xE008304eF66535Ef13978764FAEaB88d657a594D,0xB6Bad00525221EB28Eb911a0B1162a0709b4CE57,,IN,0,19092829281000000000,ok,,,,
0xea6fbd66457f3c3d6e21b7e754c863e6f4b1b00d750e3b6fd54eeceb290729ea,20060988,2024-04-08 01:26:35.000000Z,0xb8DD28ca1D95A07B77CAB3E2A6A500C82C21C1eD,0xB6Bad00525221EB28Eb911a0B1162a0709b4CE57,,IN,0,19097710173000000000,ok,,,,
0x1d9d1f4fb55b3a9aab1f41c506c23d1de34e4f36c61cfd4ffc4ceb6d3199476a,20060962,2024-04-08 01:22:05.000000Z,0x80966bAc6aCb6EeF97dB9DA4a73E36B587Fc31d1,0xB6Bad00525221EB28Eb911a0B1162a0709b4CE57,,IN,0,77197461329718458517,ok,,,,
0xc1d156d5a27003df239bc23985d83e424dfce8cff839187951ab3c057d46289e,20060951,2024-04-08 01:20:15.000000Z,0x80966bAc6aCb6EeF97dB9DA4a73E36B587Fc31d1,0xB6Bad00525221EB28Eb911a0B1162a0709b4CE57,,IN,0,77197461329718458517,ok,,,,
0x4472290ec732f6dde63c7772bebebedf850335de70f633185d45567f6b4662bd,20060949,2024-04-08 01:19:55.000000Z,0x1Bd498Fa1e9eAB22a9f21bCaf0c5B0E62986d736,0xB6Bad00525221EB28Eb911a0B1162a0709b4CE57,,IN,0,27044713296000000000,ok,,,,
0x537eb76c341c8751d72136ca48469594312319bb44ac306aeb7e5ba5665d78e3,20060947,2024-04-08 01:19:35.000000Z,0x1F7aCA13f47402B32B48f5bDA10272b5BA362176,0xB6Bad00525221EB28Eb911a0B1162a0709b4CE57,,IN,0,12133839753000000000,ok,,,,
0x3682e19dcad41c57715fab6dfbaee5518dc549022a2c2b03eee001dd599fb910,20060937,2024-04-08 01:17:55.000000Z,0xF7a80005254966d50a8Db09D46A979186B29BE15,0xB6Bad00525221EB28Eb911a0B1162a0709b4CE57,,IN,0,338711372011000000000,ok,,,,
0x1c27302d73fc1a42c89394a4ddedf810eebe05c18565b4b827d76daaf66fb9bf,20060933,2024-04-08 01:17:15.000000Z,0x4b1827058fd93AE281009501A10326704DCc52E1,0xB6Bad00525221EB28Eb911a0B1162a0709b4CE57,,IN,0,12003562917000000000,ok,,,,
0x5e4cc7ed878badd44e5193db9f0ac2bd5257eaa142dbaf3f51559b9aa9d669e8,20060931,2024-04-08 01:16:55.000000Z,0xE008304eF66535Ef13978764FAEaB88d657a594D,0xB6Bad00525221EB28Eb911a0B1162a0709b4CE57,,IN,0,19009561653000000000,ok,,,,
0x75ba470bfb8c5b0c40eaa26f787bf16b944a33b68b2427ce43d4716ba7c7e4c3,20060921,2024-04-08 01:15:05.000000Z,0xFAF634Be4508554b3d9022c04fb00EB30812Cf77,0xB6Bad00525221EB28Eb911a0B1162a0709b4CE57,,IN,0,14845353329011458771,ok,,,,
0xab37d950cb740863ad03073d188fde7ccc48b97fe2b34fbac02d420bb7a939c0,20060907,2024-04-08 01:12:35.000000Z,0x5f419C7f35C2f01C4808539feF50a629B364eba0,0xB6Bad00525221EB28Eb911a0B1162a0709b4CE57,,IN,0,17559863808769501479,ok,,,,
0x686f57eb0653176df111016b7f08257f4fab030bd63cda9041fa67430a199078,20060883,2024-04-08 01:08:35.000000Z,0x47A5d43F9B7F7FfD17e9Acf19f45e671B8af5a0f,0xB6Bad00525221EB28Eb911a0B1162a0709b4CE57,,IN,0,21630740364000000000,ok,,,,
0x40d12ca73fd7b04fab4978f297cbeeffae55bf3af5458506880318f96299fccb,20060843,2024-04-08 01:01:45.000000Z,0x1aEa98002B0A623bF30d5b762E82a9FCcdA981D3,0xB6Bad00525221EB28Eb911a0B1162a0709b4CE57,,IN,0,430017126216000000000,ok,,,,
0xe727d7e2a4f8e12939ba2edbc961d08ffddb8413caee85f6e1f431e7f62383b8,20060842,2024-04-08 01:01:35.000000Z,0x337C65289019f6b7d7089B2dc65b2Ca152176852,0xB6Bad00525221EB28Eb911a0B1162a0709b4CE57,,IN,0,18784306018476968172,ok,,,,
0xbbdb869066ffebb8589641a6c5f09290ed502bc0ac167cd4fea5d6a8f437acfc,20060841,2024-04-08 01:01:25.000000Z,0x9B83703fdCaddC572ADC87cb9CCd3e75E136c4a1,0xB6Bad00525221EB28Eb911a0B1162a0709b4CE57,,IN,0,42302707990991126856,ok,,,,
0xfabf961a4db5a4caef8c7a48e2c4cba042d4e440a52f163f25e2616ff66a43e8,20060833,2024-04-08 01:00:05.000000Z,0x8959bB99c9e655D892F68C79C79C441e9E6a651f,0xB6Bad00525221EB28Eb911a0B1162a0709b4CE57,,IN,0,25876549548000000000,ok,,,,
0x09ca7f9c61042c1ed91dc8051327a749075b264cbfe1dd4348f12d71528f5243,20060815,2024-04-08 00:57:05.000000Z,0x260EB01873C6b9Fd63B03C096a1AA3C96B0623C9,0xB6Bad00525221EB28Eb911a0B1162a0709b4CE57,,IN,0,15931267451269120521,ok,,,,
0x5e78f57d5ae8e5cb2f8edcd17e0ebbf3feb5e62397533ffd464c7c16b947013d,20060787,2024-04-08 00:52:25.000000Z,0xe93Bf80a846F12b8b19A81b1918eCAAF0C14E374,0xB6Bad00525221EB28Eb911a0B1162a0709b4CE57,,IN,0,28862277561000000000,ok,,,,
0xc68ca981d1d00ed4f89571d21713cc3e6488432194375ebbf16a0c65fbeab28e,20060729,2024-04-08 00:42:15.000000Z,0x8C8e2F48086308dA458B4FC27eD6A3c503EAe926,0xB6Bad00525221EB28Eb911a0B1162a0709b4CE57,,IN,0,23062378122000000000,ok,,,,
0xa47d5da52dd61e0865b0edfdc0a729fbc3996b886bfee9254564df3b7eff0d54,20060693,2024-04-08 00:35:55.000000Z,0xcBC1070e400C832E62B6D7776cad08aE2c64d305,0xB6Bad00525221EB28Eb911a0B1162a0709b4CE57,,IN,0,14329364936568529815,ok,,,,
0xfdfa229ba786694616848efb2f515b62906dff1275f96d5c7281f40a80e00d43,20060659,2024-04-08 00:30:05.000000Z,0xcBC1070e400C832E62B6D7776cad08aE2c64d305,0xB6Bad00525221EB28Eb911a0B1162a0709b4CE57,,IN,0,17925288621793157385,ok,,,,
0xc05ef9c0f17d44b3853fa044b1fc787549b2d62bd820ce10123be65bef5a0ded,20060496,2024-04-08 00:01:35.000000Z,0x61a525fA734205A6C212BefBB3aD9e9C41122124,0xB6Bad00525221EB28Eb911a0B1162a0709b4CE57,,IN,0,375528000000000000000,ok,,,,
0x37bc6a457a01155aded6c6bccdd1c932ba8eb456781f8509aca7f2ad50a5ec4a,20060388,2024-04-07 23:42:35.000000Z,0x4EedceC3fd0B60fFe46c1CFE15a4f525186a13BA,0xB6Bad00525221EB28Eb911a0B1162a0709b4CE57,,IN,0,18828685608554592042,ok,,,,
0x834a4eeb40844c5245c5496e472fb9ab4e56c292b849c2c9afd6338c60d6153c,20060160,2024-04-07 23:03:05.000000Z,0xC6c36d2ed1ceBc82B33e14AD94Cc2602859b2719,0xB6Bad00525221EB28Eb911a0B1162a0709b4CE57,,IN,0,46953000000000000000,ok,,,,
0x3db71f316c806aa994cbfebde3e09f421721cc57f7575d3a1b8a3186f9300a84,20060124,2024-04-07 22:56:35.000000Z,0x8e918fC8549b8BC398512c6F3bDA5598dB931d33,0xB6Bad00525221EB28Eb911a0B1162a0709b4CE57,,IN,0,16479866783661813036,ok,,,,
0x141c3d3cb78cacaa9898f5c0dde3bb403257e1acbc5a26469b02e005ca73740e,20060118,2024-04-07 22:55:35.000000Z,0x6bd19094D854e89Ea5E3C60A5F78948eeFaFA201,0xB6Bad00525221EB28Eb911a0B1162a0709b4CE57,,IN,0,14986946351657726205,ok,,,,
0xc3ea5f8d25ed7dd54dd322a93c1eabf431967a02505ba5786d943919cfefb4d2,20060098,2024-04-07 22:52:15.000000Z,0xCC9984D7fa349B056c93E03E200e6722307ff0f0,0xB6Bad00525221EB28Eb911a0B1162a0709b4CE57,,IN,0,16670581508135957130,ok,,,,
0x0f6e77f08e7b353a8200cf6be9b0e607101016694146d272599febf0bbbfa751,20060067,2024-04-07 22:46:55.000000Z,0xc6413bd46eB5420a127457B065eBae4d432Bb981,0xB6Bad00525221EB28Eb911a0B1162a0709b4CE57,,IN,0,18101426026315972140,ok,,,,
0x370bb55e689328ed10ea26cd95ab4b97dcfe854ee01733dafdb41754e1e8325c,20060045,2024-04-07 22:43:15.000000Z,0xa411efd6Af0029B72BaC26aF7c9952d48C54DDcb,0xB6Bad00525221EB28Eb911a0B1162a0709b4CE57,,IN,0,12223950904781293761,ok,,,,
0xb3c3a6b31e2d6ccb48f0d86180c4526ccfda0b16e26230b8303574f3c6046e1f,20060032,2024-04-07 22:41:05.000000Z,0x70cBAFCa3c3d14380d27Bb90C1c2104FdA3e06b7,0xB6Bad00525221EB28Eb911a0B1162a0709b4CE57,,IN,0,9583327200093295599,ok,,,,
0xcc4d982d5207ca9e8c93e066de22abab5a24c9896c2770df35c0e01cec9d9973,20059966,2024-04-07 22:30:05.000000Z,0xC6c36d2ed1ceBc82B33e14AD94Cc2602859b2719,0xB6Bad00525221EB28Eb911a0B1162a0709b4CE57,,IN,0,27021216735000000000,ok,,,,
0xaa88286de9d3b873a86e2980bfe54d6d13a851214033bb100621949b03c4ab83,20059937,2024-04-07 22:25:05.000000Z,0xeed0969D2a4c00283a8acb93ea67A366e0498eaf,0xB6Bad00525221EB28Eb911a0B1162a0709b4CE57,,IN,0,12402111131591706195,ok,,,,
0x9b66b965bce5e97d88a50b6f1bf1926fdf61ff39d8911a578dc04aca6d628dcf,20059937,2024-04-07 22:25:05.000000Z,0xeed0969D2a4c00283a8acb93ea67A366e0498eaf,0xB6Bad00525221EB28Eb911a0B1162a0709b4CE57,,IN,0,19607129858925314940,ok,,,,
0x4be0ecb8e5d57d197bdfacd4508b26bc5144d05b9429efb215714d7b7ddb9ae9,20059922,2024-04-07 22:22:15.000000Z,0xcE55D9eB38EEeFeCCE2e839392B53D97ec050C59,0xB6Bad00525221EB28Eb911a0B1162a0709b4CE57,,IN,0,30923365653000000000,ok,,,,
0xe21184aacd9cc72135733547580acada53111053974e9dd937f4335be650d51c,20059874,2024-04-07 22:14:15.000000Z,0xEB7FDe35cA76D078067eFc6E3326A7040F3ae541,0xB6Bad00525221EB28Eb911a0B1162a0709b4CE57,,IN,0,32463804800364620913,ok,,,,
0xa589bae104a490c30905d9f352b4e9cb28180ad2bd7bc133b1cee2f4074e1374,20059815,2024-04-07 22:04:05.000000Z,0x3188ceb7369363E692aeBCE553515fB0d5d3a135,0xB6Bad00525221EB28Eb911a0B1162a0709b4CE57,,IN,0,140859000000000000000,ok,,,,
0x96d9950dff239615e61f980587e9083f511310ed259db927c80a3c2d1fd6806f,20059803,2024-04-07 22:02:05.000000Z,0x8167D974Ff7bb712eA6beE654Dd54EacdC6376c9,0xB6Bad00525221EB28Eb911a0B1162a0709b4CE57,,IN,0,39805086416896275480,ok,,,,
0x0d5fc8f5778b25c840d49aea05a416e17427340aa357799f4a678e2ed2069d3b,20059704,2024-04-07 21:44:55.000000Z,0x70cBAFCa3c3d14380d27Bb90C1c2104FdA3e06b7,0xB6Bad00525221EB28Eb911a0B1162a0709b4CE57,,IN,0,20823965111767540392,ok,,,,
0x79998c7fc5c3c05ff0831ee9eede8f8d0d35cdb05284a3e0c4c966ba281636de,20059685,2024-04-07 21:41:35.000000Z,0xBDaB095BfdfF77eaE0E44e3fa42b9DA7632BBD7b,0xB6Bad00525221EB28Eb911a0B1162a0709b4CE57,,IN,0,29295772156398807702,ok,,,,
0xedc1d751b7fc4753fb7a9771a8caf44e8ebfb38d27c85c6a5a45918e89d8fedb,20059670,2024-04-07 21:39:05.000000Z,0x46E193342Cb67415d76CcBD53c07334C25e11a14,0xB6Bad00525221EB28Eb911a0B1162a0709b4CE57,,IN,0,98589066888000000000,ok,,,,
0xd201470c785abe8f97cd02afa870b7c780c982f3bdbd4935aa8065fcf86932a1,20059668,2024-04-07 21:38:45.000000Z,0x46E193342Cb67415d76CcBD53c07334C25e11a14,0xB6Bad00525221EB28Eb911a0B1162a0709b4CE57,,IN,0,23836064265000000000,ok,,,,
0x8f43222b77d8325e1b055ff3626663db6c0b0994d608381b9ef9584273377e88,20059657,2024-04-07 21:36:55.000000Z,0x8e918fC8549b8BC398512c6F3bDA5598dB931d33,0xB6Bad00525221EB28Eb911a0B1162a0709b4CE57,,IN,0,20222407597289720742,ok,,,,
0x9294d325a9f165ebdccba7033be18d22424b0766dd92b96dad7ec09afe678a5c,20059657,2024-04-07 21:36:55.000000Z,0x46E193342Cb67415d76CcBD53c07334C25e11a14,0xB6Bad00525221EB28Eb911a0B1162a0709b4CE57,,IN,0,54143968905000000000,ok,,,,
0x3b9f617697bac7363959b7ea3e47c8fc89abdadffe355ed9e2692bcde79033f6,20059655,2024-04-07 21:36:35.000000Z,0x46E193342Cb67415d76CcBD53c07334C25e11a14,0xB6Bad00525221EB28Eb911a0B1162a0709b4CE57,,IN,0,23836064265000000000,ok,,,,
0x3870990d6589c2d6b0361a4eed64d2669ffeab7e9fa4cbcd1b8872308f4c3a9d,20059653,2024-04-07 21:36:15.000000Z,0x46E193342Cb67415d76CcBD53c07334C25e11a14,0xB6Bad00525221EB28Eb911a0B1162a0709b4CE57,,IN,0,23836064265000000000,ok,,,,
0x001efdac559a66b3f72925120e1e3445cbf50f226328d2c0cf972f305087d6be,20059647,2024-04-07 21:35:05.000000Z,0x46E193342Cb67415d76CcBD53c07334C25e11a14,0xB6Bad00525221EB28Eb911a0B1162a0709b4CE57,,IN,0,23836064265000000000,ok,,,,
0x2a365109b11570d5b5abcbd562d255079896ff9daec00e345741778560e3f8cb,20059645,2024-04-07 21:34:45.000000Z,0x46E193342Cb67415d76CcBD53c07334C25e11a14,0xB6Bad00525221EB28Eb911a0B1162a0709b4CE57,,IN,0,54143968905000000000,ok,,,,
0xc3c369ad0cb12a6483b92e83849ea253d79d90adfc3d3a89810d492cfaf69b72,20059625,2024-04-07 21:31:25.000000Z,0xb11235b2E8FB5d47287c23901e0F5dB28Af67aE6,0xB6Bad00525221EB28Eb911a0B1162a0709b4CE57,,IN,0,16342158793157035683,ok,,,,
0xf5793d4a8efa5432af8803e9118aea6da47325793743d8a2672c8ac692d03f38,20059603,2024-04-07 21:27:45.000000Z,0x7C4ff2c171Ad8D669b4814D41C28b82f546727A5,0xB6Bad00525221EB28Eb911a0B1162a0709b4CE57,,IN,0,25208912994000000000,ok,,,,
0x7c711cc767c231b009f1df87dcc76a5d0b5e9430095dc202f882669180492a4f,20059599,2024-04-07 21:27:05.000000Z,0x030a2D08F561800c2e6964cb4BB0C712B7DbC35b,0xB6Bad00525221EB28Eb911a0B1162a0709b4CE57,,IN,0,21924271043730217791,ok,,,,
0x1d9072eccc674c147101a38577446b2612910055b613340d5c47ef379010555c,20059584,2024-04-07 21:24:25.000000Z,0x8906c6FA8850f248C4e68d5799091a36AA3fA24d,0xB6Bad00525221EB28Eb911a0B1162a0709b4CE57,,IN,0,19525911407985026124,ok,,,,
0x146fd079278d785ca57d3bad589f18f5072de6074e75e4a58684d1abbf3c2b20,20059569,2024-04-07 21:21:55.000000Z,0x72F3f52E4345C8af3bf19de27bE9449aB7ff379A,0xB6Bad00525221EB28Eb911a0B1162a0709b4CE57,,IN,0,14569722449968119156,ok,,,,
0x517ce0a2a12be86df730496579bd6d136f205836d79522a59f060f04ec751d91,20059568,2024-04-07 21:21:45.000000Z,0x8997023f133eDFb50Af47E950fe38f7601166E78,0xB6Bad00525221EB28Eb911a0B1162a0709b4CE57,,IN,0,14680222876269841095,ok,,,,
0xd79834eefa59be11d6b9d331e449a333bdc739c645f97f0ffdd6061402a97b71,20059545,2024-04-07 21:17:45.000000Z,0x515E46FaB034F14274Bf71A7D524CDCdCa155Af3,0xB6Bad00525221EB28Eb911a0B1162a0709b4CE57,,IN,0,17604090853626663144,ok,,,,
0xb4c5bc00d0ca939a41e4bfad9c1f4f4a201cc7ae4ae02c4562d9b344d407e982,20059522,2024-04-07 21:13:45.000000Z,0x3935158D37A5B4B07468068D645C34528F6cf41f,0xB6Bad00525221EB28Eb911a0B1162a0709b4CE57,,IN,0,17978520534529387032,ok,,,,
0x73c58e68a60aeeb1270c4c0cd130141278ef2a2ca81a6b670d986ad5d05ac97c,20059520,2024-04-07 21:13:15.000000Z,0x8906c6FA8850f248C4e68d5799091a36AA3fA24d,0xB6Bad00525221EB28Eb911a0B1162a0709b4CE57,,IN,0,15828225018044491935,ok,,,,
0x992ec0c2df00f5d7cd0997cd782b757c30a128270690bfe4b5a847f21555fc8f,20059316,2024-04-07 20:38:35.000000Z,0xA328813626A965D4B606692BF86B4a83760436D4,0xB6Bad00525221EB28Eb911a0B1162a0709b4CE57,,IN,0,17246675873195069922,ok,,,,
0xd4259074c733fc916e172df50a40f6ad9d1856edbf433297f67ce9520385607d,20059311,2024-04-07 20:37:35.000000Z,0xEd4D5412a1e8a565da5dC53712C6aD27c0107402,0xB6Bad00525221EB28Eb911a0B1162a0709b4CE57,,IN,0,21840617255163565536,ok,,,,
0xc961c7b341395dd85a1168ad9d163b0f3e5ab7b460e76dd0021a65de87a6d6d6,20059172,2024-04-07 20:13:45.000000Z,0x8e918fC8549b8BC398512c6F3bDA5598dB931d33,0xB6Bad00525221EB28Eb911a0B1162a0709b4CE57,,IN,0,10212019134765894411,ok,,,,
0x3daadd0e9b8f5e6d858fc6263a0d475e01a72d325b2d5b0577dfb3ed8010835e,20059066,2024-04-07 19:55:05.000000Z,0x82759e0bd699CB67BA736eD9f418C3B7504Fd4BE,0xB6Bad00525221EB28Eb911a0B1162a0709b4CE57,,IN,0,14069481679354043580,ok,,,,
0x9f731655ff0d7b52612441cd54ec75d4556acf50d40709910b3fc2bafe29fb47,20059066,2024-04-07 19:55:05.000000Z,0xb579329B91d92e4f5655E12CbBB92b744dC1Fba3,0xB6Bad00525221EB28Eb911a0B1162a0709b4CE57,,IN,0,14163302162410930935,ok,,,,
0x334bde71d21239d54b3f474e9957f736bf68255ecacd27aac6f248833deba5e7,20058990,2024-04-07 19:42:05.000000Z,0xBF626812e3a5916ccab3286b2756B7232b554de7,0xB6Bad00525221EB28Eb911a0B1162a0709b4CE57,,IN,0,12998507082923472597,ok,,,,
0x58f135c284f6e24eb8e65df7c82f73e2c1801359088fe3331da8311ff341d108,20058931,2024-04-07 19:32:15.000000Z,0xd0044Ef940531e66e3194E735AcD9576e011C265,0xB6Bad00525221EB28Eb911a0B1162a0709b4CE57,,IN,0,13490916653103805827,ok,,,,
0xc1bdd60fd6240683c88d1b22b0f6f98ecc8520959b1fbe51594a166bab991612,20058916,2024-04-07 19:29:45.000000Z,0xd0044Ef940531e66e3194E735AcD9576e011C265,0xB6Bad00525221EB28Eb911a0B1162a0709b4CE57,,IN,0,17828828928872745855,ok,,,,
0xb5764a3da370ca0195cf56df33c716cd54303e21f325c49b195ca4c4a600a08d,20058830,2024-04-07 19:14:55.000000Z,0xD2A23272443f88434B3fFFc79CEe50D812e449A9,0xB6Bad00525221EB28Eb911a0B1162a0709b4CE57,,IN,0,16883540317223650098,ok,,,,
0x333f978a4bcd36a0792608877f8a116be29a7b033ca59de4952a4645d7191518,20058813,2024-04-07 19:11:55.000000Z,0x6237C3e5A234596Dc5704ae3940a0929A03a2935,0xB6Bad00525221EB28Eb911a0B1162a0709b4CE57,,IN,0,14101459667648800725,ok,,,,
0x5e6bd7b6b2b758737ed09df7b8c5918db45e79828367fcc9279d7c5d140d7a6c,20058811,2024-04-07 19:11:35.000000Z,0x162ca1810B14F7f3cAE0E02b4CA1510Bc1cA9d01,0xB6Bad00525221EB28Eb911a0B1162a0709b4CE57,,IN,0,11060252047223705376,ok,,,,
0x0cce1205a2dc917514c6266d13e7b56c57fdd6d4f13c593f85c93c652ad29612,20058605,2024-04-07 18:36:35.000000Z,0x8e918fC8549b8BC398512c6F3bDA5598dB931d33,0xB6Bad00525221EB28Eb911a0B1162a0709b4CE57,,IN,0,13822657461940469997,ok,,,,
0xec090dd26d80ba1e2caf265e0db175ecdfd0ec18ab5bf06f503d64bc498094db,20058332,2024-04-07 17:50:05.000000Z,0x8e918fC8549b8BC398512c6F3bDA5598dB931d33,0xB6Bad00525221EB28Eb911a0B1162a0709b4CE57,,IN,0,16292800826762114283,ok,,,,
0x955d53f79051f6c936b3750a2f8b49692342a8364d51bbb11f149ab9322199c2,20058274,2024-04-07 17:39:45.000000Z,0x6a036c7f14EB46e8C6Ad1aA2fF300c81077fC0b3,0xB6Bad00525221EB28Eb911a0B1162a0709b4CE57,,IN,0,14074111820006308665,ok,,,,
0x8d4b01ea02f92a2cb1785a238c41820d81e4aa3d3e23d0706426115d2f86d4c0,20058135,2024-04-07 17:15:45.000000Z,0x8e918fC8549b8BC398512c6F3bDA5598dB931d33,0xB6Bad00525221EB28Eb911a0B1162a0709b4CE57,,IN,0,19347179887809943812,ok,,,,
0x8d4a244a791fa01196566a1bc2aa9f14eef55e1e1d04c1d7801b4fb4bda8e759,20058105,2024-04-07 17:10:35.000000Z,0xDFb690bc78ACD44DF2e07b523B89177356a3e419,0xB6Bad00525221EB28Eb911a0B1162a0709b4CE57,,IN,0,18706927320000000000,ok,,,,
0xee14171ae848f63f56346ca2d5944ccefa8ae63cb68f86f2a4a0f8532317937c,20058095,2024-04-07 17:08:45.000000Z,0x8b172e3DbF204F7c280aDff0B53c62e115f0D681,0xB6Bad00525221EB28Eb911a0B1162a0709b4CE57,,IN,0,97239594556056474102,ok,,,,
0xeca0333b9e70d9e842c6a2c62cc2ea0b544b33fca60271de5c8953119e47d7c7,20058086,2024-04-07 17:07:15.000000Z,0x8b172e3DbF204F7c280aDff0B53c62e115f0D681,0xB6Bad00525221EB28Eb911a0B1162a0709b4CE57,,IN,0,23176976748187454973,ok,,,,
0x703ca59d31656c7174f97d08969406d07a21188fa1ff657bf5fd0479e8978fc8,20057878,2024-04-07 16:31:05.000000Z,0xd94dAbF0563C39647702A74991845BEEb722272B,0xB6Bad00525221EB28Eb911a0B1162a0709b4CE57,,IN,0,9974330292926284560,ok,,,,
0xf7ee6f1912ab7d13ef08b8a976b7d17a954b776418a832fd5114735b212531e5,20057868,2024-04-07 16:29:25.000000Z,0xE9ff5cAAebDfc6E0fb9c0bc00e2ED7E0B0E78256,0xB6Bad00525221EB28Eb911a0B1162a0709b4CE57,,IN,0,15346283265410677002,ok,,,,
0x9065e43f750e0dcf0b725a878a0a389225bc5f52005bbbdeb59ac2a887ab7556,20057823,2024-04-07 16:21:55.000000Z,0x4D8CebaBCd25Fb33C982EA74bcF832428B0De3FF,0xB6Bad00525221EB28Eb911a0B1162a0709b4CE57,,IN,0,92862516528000000000,ok,,,,
0xcd5cb3dcb104427417cbbd8bafc21f016724d38f2ad38a6f029a342acdd6b839,20057814,2024-04-07 16:20:25.000000Z,0xD2BACaD31571e1590FE397dCBA802c00BCeFE340,0xB6Bad00525221EB28Eb911a0B1162a0709b4CE57,,IN,0,16688557307418125190,ok,,,,
0x7fec7134934bdbe5bfbfd09e5a26fd8eced5e452fd6e9d85d0a9a1a007e545f5,20057786,2024-04-07 16:15:45.000000Z,0x4D8CebaBCd25Fb33C982EA74bcF832428B0De3FF,0xB6Bad00525221EB28Eb911a0B1162a0709b4CE57,,IN,0,42023957976000000000,ok,,,,
0xd4e2f4c42349102d4312e3a74e2d443fdaf448c28c6b7762ee6fa3bfb6e46228,20057781,2024-04-07 16:14:55.000000Z,0xee04d8aC5EA8Da587f3Ba78C61fE2bE2f2f15Fe4,0xB6Bad00525221EB28Eb911a0B1162a0709b4CE57,,IN,0,19002447951299416863,ok,,,,
0x656a2c248b75ce82a034f2c644982ae19e99b9a8883affe552539df8d8bdaf83,20057761,2024-04-07 16:11:35.000000Z,0x7754a209a9208BE7ebAf896443e7e56E24342920,0xB6Bad00525221EB28Eb911a0B1162a0709b4CE57,,IN,0,17284757592275141400,ok,,,,
0x8fb3dc4288f4600ccf40970ec6486078a02a072be34ca41751dbeecb94fe8601,20057728,2024-04-07 16:06:05.000000Z,0x853cD31Fc3FCFa6Ec1B7b6Db600e4896882dEAd9,0xB6Bad00525221EB28Eb911a0B1162a0709b4CE57,,IN,0,462685826009540245657,ok,,,,
0x537966f91768311b2b43db4679b9d23cb4dcdd041ded609e3bcf373fa6d2b17c,20057717,2024-04-07 16:03:45.000000Z,0xD3a52Cb35e22DaE5519C50b75884Ed8727c6EDF7,0xB6Bad00525221EB28Eb911a0B1162a0709b4CE57,,IN,0,16215460278337197495,ok,,,,
0x3e13ea8a81269fa344211fd805f60843f25ef7c029b6fea583f3c135ca4f8af4,20057691,2024-04-07 15:58:55.000000Z,0x8e918fC8549b8BC398512c6F3bDA5598dB931d33,0xB6Bad00525221EB28Eb911a0B1162a0709b4CE57,,IN,0,16478523230205738867,ok,,,,
0xfce9ac67801a2fe0f45df1c50178e3a6a2f9869ca861b77f3afa4890c7e937d0,20057661,2024-04-07 15:53:45.000000Z,0xA45391C3222aFf3b7DEdB51Aa832f88952a4cB69,0xB6Bad00525221EB28Eb911a0B1162a0709b4CE57,,IN,0,15868795312871750763,ok,,,,
0xbd85fc881953f57b2137c7f21601edf9ec8fdee1a68b5321872e614216713573,20057657,2024-04-07 15:53:05.000000Z,0x8e918fC8549b8BC398512c6F3bDA5598dB931d33,0xB6Bad00525221EB28Eb911a0B1162a0709b4CE57,,IN,0,18879947118927092547,ok,,,,
0xf4dab472ce78209f2534a34fd93088a755c8db89a6c025b277a7a46da80b1e60,20057642,2024-04-07 15:50:35.000000Z,0x5B080612ed975700Cadc86174775f739Cb213864,0xB6Bad00525221EB28Eb911a0B1162a0709b4CE57,,IN,0,16733830473000000000,ok,,,,
0x268951de1a3c950d922fe4aa86cdd379650a7b8b59e0a69e466ffc1460e5a145,20057626,2024-04-07 15:47:55.000000Z,0x5B080612ed975700Cadc86174775f739Cb213864,0xB6Bad00525221EB28Eb911a0B1162a0709b4CE57,,IN,0,26500696857000000000,ok,,,,
0x799446dd10a12421f446a8a2c5932c78a5065fee2546c466dc5728bc81b8953f,20057607,2024-04-07 15:44:45.000000Z,0xD8D57a592147164d700D9745bCDdF80293E261BF,0xB6Bad00525221EB28Eb911a0B1162a0709b4CE57,,IN,0,16267172921751023847,ok,,,,
0xcbeb720cff4caef288bb7e007ead7d2bc7fa9573de1da821f557bbeb570e1ec3,20057607,2024-04-07 15:44:45.000000Z,0x5B080612ed975700Cadc86174775f739Cb213864,0xB6Bad00525221EB28Eb911a0B1162a0709b4CE57,,IN,0,21836854287000000000,ok,,,,
0xf21050d81c53c16922d6d74b8c05cfe3ccdf42194d3a065337efe6641c8760a0,20057591,2024-04-07 15:41:55.000000Z,0xE042A962C33f4e1b50Fa7213a6792D569C53Bc17,0xB6Bad00525221EB28Eb911a0B1162a0709b4CE57,,IN,0,17420685361387268565,ok,,,,
0x2ee54a993624e29c4dbb80cba324a7194bc1f2c4d067b9e8735059f2ec769e44,20057583,2024-04-07 15:40:35.000000Z,0xE042A962C33f4e1b50Fa7213a6792D569C53Bc17,0xB6Bad00525221EB28Eb911a0B1162a0709b4CE57,,IN,0,17624367033151877745,ok,,,,
0x77c204dfe8eeec4c515ac92b3efa32c576ac65631264b952443a9dd26bb09d3f,20057552,2024-04-07 15:35:15.000000Z,0x202968A33E72375682a6dDDC989Da80bA549868B,0xB6Bad00525221EB28Eb911a0B1162a0709b4CE57,,IN,0,10415994240923303904,ok,,,,
0xb41407807c1d1bcd3ffde0a089487a2301ebcf5cfa3a5e656760f5673e1ba675,20057546,2024-04-07 15:34:15.000000Z,0x202968A33E72375682a6dDDC989Da80bA549868B,0xB6Bad00525221EB28Eb911a0B1162a0709b4CE57,,IN,0,10024991649637906981,ok,,,,
0xe6312b27b24e9fb28b62c738b2ddb4ff334695697b76eab8979d040e6e5a649e,20057543,2024-04-07 15:33:45.000000Z,0x202968A33E72375682a6dDDC989Da80bA549868B,0xB6Bad00525221EB28Eb911a0B1162a0709b4CE57,,IN,0,10733054689159984987,ok,,,,
0x827d920429731088577c55563bf4e638b3e9aed66c969c344d3d9372b3d4235d,20057541,2024-04-07 15:33:25.000000Z,0x202968A33E72375682a6dDDC989Da80bA549868B,0xB6Bad00525221EB28Eb911a0B1162a0709b4CE57,,IN,0,17763325763585845698,ok,,,,
0xdcd543cbc39bd0b885dcb4c8b2a5df672f51181fcadb4119fefd9b186754334f,20057537,2024-04-07 15:32:45.000000Z,0xB083379747fcE720cDCdA680CE34105990Ffdbd9,0xB6Bad00525221EB28Eb911a0B1162a0709b4CE57,,IN,0,19007286917630701785,ok,,,,
0x9d62607136e1a8ec390391b47ec35bfaf9efefb2b11ce1a5bd7299e50a13fd81,20057514,2024-04-07 15:28:45.000000Z,0x93ebB61eF5CB4797f9ccA87b7cD1Ebc9ef6267Bd,0xB6Bad00525221EB28Eb911a0B1162a0709b4CE57,,IN,0,18764525648718773460,ok,,,,
0x7ff9de7747e30bf08ff7e2551d89d3246aaf375b2fdfe2ee33f5842b4f1ad8da,20057509,2024-04-07 15:27:55.000000Z,0xe741c8947beC04cBc5dE229A3398EF588fC9D90e,0xB6Bad00525221EB28Eb911a0B1162a0709b4CE57,,IN,0,17969671530924170715,ok,,,,
0x269dcdeb35746d1886fd2138509d9e27c7daa821d41861d09a38d846492b5dbb,20057416,2024-04-07 15:11:55.000000Z,0xF0b6d6ebf35E17fCF4e385d7A3942B0225AF6bC5,0xB6Bad00525221EB28Eb911a0B1162a0709b4CE57,,IN,0,413922028853284384724,ok,,,,
0x2aed97278e2d9c611d27823e4d0ab5003eade4713647aa6bbbc1453d52a0657c,20057400,2024-04-07 15:09:15.000000Z,0xd8025919d61898Ecf920643C8f773c93B2839753,0xB6Bad00525221EB28Eb911a0B1162a0709b4CE57,,IN,0,14636709931946907210,ok,,,,
0x9c205d1070f450450e5c074291e720f4f100edeb9113ff14fdbd36e8dc339792,20057306,2024-04-07 14:52:55.000000Z,0xEC4C15765C88090d6fD5f11251700ffF6Be12b4c,0xB6Bad00525221EB28Eb911a0B1162a0709b4CE57,,IN,0,20048797152000000000,ok,,,,
0x448ad11c1d6b9d52d02acfbad91446a8760f1a8745e255b850f0923046790216,20057191,2024-04-07 14:32:25.000000Z,0xf85642D2e867B122f0e1b250c5281b1EF6b26A27,0xB6Bad00525221EB28Eb911a0B1162a0709b4CE57,,IN,0,19186414562760367275,ok,,,,
0xc80669eb8a2242bb81a4d9559eb2fec28a7712553b581de5b8291b6d22102e37,20057047,2024-04-07 14:07:35.000000Z,0xEC4C15765C88090d6fD5f11251700ffF6Be12b4c,0xB6Bad00525221EB28Eb911a0B1162a0709b4CE57,,IN,0,16952354433000000000,ok,,,,
0xb6921d6299a59a1cfb5063d96cdaabd5a1667ffd5425a8f70401ee90bb8e60b6,20056778,2024-04-07 13:21:05.000000Z,0x8e918fC8549b8BC398512c6F3bDA5598dB931d33,0xB6Bad00525221EB28Eb911a0B1162a0709b4CE57,,IN,0,19273534471883861316,ok,,,,
0x40bfdb8e4753a97f926e8cc190ad05613b1a607c7458c535c916a2cc75057ec0,20056751,2024-04-07 13:16:35.000000Z,0x53b1826b9E4f34B7e6362488A3E2Be69d8b0c23A,0xB6Bad00525221EB28Eb911a0B1162a0709b4CE57,,IN,0,34085015028000000000,ok,,,,
0x7a8d9f60272145bf20da8514c0c21120d67b270bb5779ddd01c524d5cbf71123,20056635,2024-04-07 12:56:45.000000Z,0x8e918fC8549b8BC398512c6F3bDA5598dB931d33,0xB6Bad00525221EB28Eb911a0B1162a0709b4CE57,,IN,0,17437918723057649184,ok,,,,
0x8a0a712715958afe2e73ed10257c5c5a3af3663649bc3570d31a8ee5bb655da7,20056585,2024-04-07 12:47:45.000000Z,0xA8288F0Dd028639875db739Ca3f6B60CE26036dA,0xB6Bad00525221EB28Eb911a0B1162a0709b4CE57,,IN,0,17363629135537100217,ok,,,,
0xdfed4acbcf5b976d05e5ef0c267f59ed2e55775488f5e4a3435bb78434639019,20056581,2024-04-07 12:47:05.000000Z,0x4EcF21e152a1ABE9EC7198099C72E592B012Ca16,0xB6Bad00525221EB28Eb911a0B1162a0709b4CE57,,IN,0,18986845256656970265,ok,,,,
0xcf2eb4184cc64b087e60548f31c4fbba4b084ad5734a3604450aa3ef237ab5d6,20056547,2024-04-07 12:41:15.000000Z,0x99ace003E23791A88Fc8Da0056c6410188fEdD25,0xB6Bad00525221EB28Eb911a0B1162a0709b4CE57,,IN,0,14467262958221831835,ok,,,,
0x20ac8e4e6e9263cacefb23d6559ac170d3c25574f1cdeb4b012b1876d646b4d0,20056543,2024-04-07 12:40:35.000000Z,0x68fF0bbD6907f5080f78F08326661c469689430d,0xB6Bad00525221EB28Eb911a0B1162a0709b4CE57,,IN,0,21768854681701029264,ok,,,,
0xf8a87fb322609a1f01970ab92f170afe18eff46cfe70bc906bb7d5cd0658c7fc,20056390,2024-04-07 12:14:05.000000Z,0x906293654D807a17c5334934fF73028B5a357fc6,0xB6Bad00525221EB28Eb911a0B1162a0709b4CE57,,IN,0,9825070474504011783,ok,,,,
0x0a417971dd365a80cdec192867cd827f17a98d29755529775928e8a388a2cd30,20056381,2024-04-07 12:12:35.000000Z,0x855C07750733A9F1679e67cD15b5de98A8c16Dc1,0xB6Bad00525221EB28Eb911a0B1162a0709b4CE57,,IN,0,52618327542443435430,ok,,,,
0x925b9bd78b9ba0073b4742b3811f622596213e2c13c936bf38c3211bb439e2a8,20056377,2024-04-07 12:11:55.000000Z,0x906293654D807a17c5334934fF73028B5a357fc6,0xB6Bad00525221EB28Eb911a0B1162a0709b4CE57,,IN,0,15330229857151266339,ok,,,,
0xcafc2d110a5de7e6fd682f3added794d23c7dad4d4f81ad2d18bc3f3964d52e6,20056357,2024-04-07 12:08:35.000000Z,0x021cD6E21865C919164D76E310B1352252b8c6Ad,0xB6Bad00525221EB28Eb911a0B1162a0709b4CE57,,IN,0,357942567479289905929,ok,,,,
0x189f54ba828f96287392dfee6ed6539bd0d459b8ca7a531466c2ebce06915294,20056261,2024-04-07 11:51:25.000000Z,0x1499B2e34AcB5501392ff80f2c8CA10De5C5708D,0xB6Bad00525221EB28Eb911a0B1162a0709b4CE57,,IN,0,15897138897552404013,ok,,,,
0x7be42e03e63278d16c187d0f3e5ea1d20c75654b58fb33a1dc05875235de68cc,20056218,2024-04-07 11:43:45.000000Z,0xCfD5fa3b3Cc5E8fEDe67c5DEA61df4fD4613E3ab,0xB6Bad00525221EB28Eb911a0B1162a0709b4CE57,,IN,0,11823237493090614072,ok,,,,
0xea592e8df3260403f809cc6324cfc699085a02d9af6b8f118ac17cae88181557,20056210,2024-04-07 11:42:25.000000Z,0xEbbBFed6851581e3cFD0D5F81B0DED86b9f25d23,0xB6Bad00525221EB28Eb911a0B1162a0709b4CE57,,IN,0,14165221282940134242,ok,,,,
0x2ef1e202492d49cfeae0b4a3a3f71f4034e0136f4724a97241ab29408f30d095,20056092,2024-04-07 11:22:25.000000Z,0xe2A2254a32f637D27db1FDf75e78037a0ED67C20,0xB6Bad00525221EB28Eb911a0B1162a0709b4CE57,,IN,0,348933787168488460056,ok,,,,
0x65fd2c17469a5e3f759f9e3ba24f3f54b08b2792e9902b29df45b02ad9309af9,20056025,2024-04-07 11:10:55.000000Z,0xdB6aEBec635B49b86676a7794701058219BC4594,0xB6Bad00525221EB28Eb911a0B1162a0709b4CE57,,IN,0,16867251675000000000,ok,,,,
0x7e7153b2521f82d014411831dcc59e3e3e4dfc58d34bc180534b84801585f08e,20056014,2024-04-07 11:09:05.000000Z,0xdB6aEBec635B49b86676a7794701058219BC4594,0xB6Bad00525221EB28Eb911a0B1162a0709b4CE57,,IN,0,15999387786000000000,ok,,,,
0xc13209cca0cd00ecf78ef7159778f4a66a4b94c9022613555287301376a41239,20055990,2024-04-07 11:04:45.000000Z,0xeEC7f385a510f3288f5EA4f0b5F7BD24AC0DAC14,0xB6Bad00525221EB28Eb911a0B1162a0709b4CE57,,IN,0,10811122869431285940,ok,,,,
0x06e3a11648dde033fb79923a885c220c9c5b0fbb3b4828157b0e6938adf83a3a,20055967,2024-04-07 11:00:45.000000Z,0xeEC7f385a510f3288f5EA4f0b5F7BD24AC0DAC14,0xB6Bad00525221EB28Eb911a0B1162a0709b4CE57,,IN,0,14220906704846647170,ok,,,,
0x5a77e934f4f604883b4d38ff7bdb4dc0672d5a0531828793c75b1f01f0751781,20055748,2024-04-07 10:23:35.000000Z,0x61Ffb4AeA9a0eA943DD0a8afF67b8d53b0ABCEE7,0xB6Bad00525221EB28Eb911a0B1162a0709b4CE57,,IN,0,13628135663953460145,ok,,,,
0x52ceac2e0217b6c5c8fc0909da177822921c85132a15e0132d595fb73f89733e,20055732,2024-04-07 10:20:55.000000Z,0xe707Cdf33ca67493f899c605075645B1321ca520,0xB6Bad00525221EB28Eb911a0B1162a0709b4CE57,,IN,0,13302692201756666319,ok,,,,
0x549a88a31463d5634ff203584fa36b2754cebdbef447e966139adc66865298b3,20055658,2024-04-07 10:07:55.000000Z,0x4c613AB4879Cc788313CB56f59a18D00a5Bd1d79,0xB6Bad00525221EB28Eb911a0B1162a0709b4CE57,,IN,0,10127733147000000000,ok,,,,
0xb3ec79bdfc7f200eba2b53620eb6ea80feb529e43a7bbd40d346152f671b44b6,20055596,2024-04-07 09:57:05.000000Z,0x2F7F2C551625daE4D0E9e09d0603F4129854843B,0xB6Bad00525221EB28Eb911a0B1162a0709b4CE57,,IN,0,17160982733114808183,ok,,,,
0xc7256a8d567fbcc1b134c3a8617c301229e344831b88a86a90ae706bedb70423,20055005,2024-04-07 08:13:45.000000Z,0x675Da7A2202896ea57e29467b64a2B35E338FACf,0xB6Bad00525221EB28Eb911a0B1162a0709b4CE57,,IN,0,18397371093062837220,ok,,,,
0x3f54b8e4ee4994f6a900cb04e744e3347191dea8c9127e3ac493f77d1b88612b,20054998,2024-04-07 08:12:25.000000Z,0xd2A672bCE1455906C47daBdf30a9078FFAcD806a,0xB6Bad00525221EB28Eb911a0B1162a0709b4CE57,,IN,0,10275259981409766189,ok,,,,
0xa2934230cb8b226b19679e2cef017ee4f0b9cbdc0d657450c2941c6bba708a8c,20054945,2024-04-07 08:02:55.000000Z,0x7D00121ADE4e645a4791dF18e1535899559a0777,0xB6Bad00525221EB28Eb911a0B1162a0709b4CE57,,IN,0,14657612885064438327,ok,,,,
0xd6d8016684dd44a39991ae9805bfaddf08f334ea33f237c8ca91ca42509e4751,20054934,2024-04-07 08:01:05.000000Z,0xC2c11F9DF3E7c0e5ea42Ee0Eebf7F8A9F86C094F,0xB6Bad00525221EB28Eb911a0B1162a0709b4CE57,,IN,0,8453289318315143211,ok,,,,
0xf3414309ec083e7055c03598de29033b47817887255a070de570ab8c0d9c16e2,20054931,2024-04-07 08:00:35.000000Z,0xC2c11F9DF3E7c0e5ea42Ee0Eebf7F8A9F86C094F,0xB6Bad00525221EB28Eb911a0B1162a0709b4CE57,,IN,0,14484489074866464606,ok,,,,
0xb0cde0b887babe6490695437a6564e0c50d7d8e33589899f93651ae7dbddd341,20054869,2024-04-07 07:49:45.000000Z,0xC75D97C6540BcFC0eD2E9d0eF33568E33c1C9c23,0xB6Bad00525221EB28Eb911a0B1162a0709b4CE57,,IN,0,13864569729990162636,ok,,,,
0xae7a1fdbf632e0f0c2d4f1bbc1808bb500cec5bffb84238e61e0080cc8a24db5,20054840,2024-04-07 07:44:55.000000Z,0x61BC9EF3B425Ca40b006434960A7A63C73a77912,0xB6Bad00525221EB28Eb911a0B1162a0709b4CE57,,IN,0,15397093703767781862,ok,,,,
0xc9d8daf473ab6fc06b5a9d6d33f03cb0c2ba1fb6cff9fef811b7ac95eb1fb9a6,20054829,2024-04-07 07:43:05.000000Z,0x162ca1810B14F7f3cAE0E02b4CA1510Bc1cA9d01,0xB6Bad00525221EB28Eb911a0B1162a0709b4CE57,,IN,0,15378546222000000000,ok,,,,
0x3cdd7de9cbee08ec89ac47db2f396b7e3ac61f97390fa9368751e5601400f1ca,20054806,2024-04-07 07:38:45.000000Z,0x162ca1810B14F7f3cAE0E02b4CA1510Bc1cA9d01,0xB6Bad00525221EB28Eb911a0B1162a0709b4CE57,,IN,0,11025473634000000000,ok,,,,
0xe3233e2f4fcbdaf47a225461bc82490b30234f44ee5d8081ed287ff7b9bb801b,20054806,2024-04-07 07:38:45.000000Z,0x162ca1810B14F7f3cAE0E02b4CA1510Bc1cA9d01,0xB6Bad00525221EB28Eb911a0B1162a0709b4CE57,,IN,0,17343479034000000000,ok,,,,
0x6375eca433afb040bda3331d3673aa034196f9c6c303fa8281e9d93f8d7123ae,20054790,2024-04-07 07:35:55.000000Z,0xd2A672bCE1455906C47daBdf30a9078FFAcD806a,0xB6Bad00525221EB28Eb911a0B1162a0709b4CE57,,IN,0,12755702906988391392,ok,,,,
0x7bac5ec325a50b4d178f14f03f01fa22ac0b3e7fd597e043e85eb89d79ccd634,20054765,2024-04-07 07:31:35.000000Z,0xF4F906380bde006E40f60123C92814b27ebFDeD9,0xB6Bad00525221EB28Eb911a0B1162a0709b4CE57,,IN,0,16114379188544465292,ok,,,,
0x552ee4c223d9633433ee80f1619556143c8c226a02693368a9b68d9b2f9165e2,20054715,2024-04-07 07:22:55.000000Z,0xb44aE416Bb52772B65b5565eCDc8dc5fE5F00a9a,0xB6Bad00525221EB28Eb911a0B1162a0709b4CE57,,IN,0,21598765880044531806,ok,,,,
0x72ddcc21321d554161724f98ef6a902114a13af8cddd02656a43fcff144cf9fd,20054691,2024-04-07 07:18:35.000000Z,0xb44aE416Bb52772B65b5565eCDc8dc5fE5F00a9a,0xB6Bad00525221EB28Eb911a0B1162a0709b4CE57,,IN,0,20276182873141098111,ok,,,,
0x8a91b58c7959739ca0f1f7d672c2c9d6027aae00a2f4e1b4c0a8ca2ddbd93665,20054502,2024-04-07 06:45:05.000000Z,0x3f23E69200b4Cf395779c0D3d9C651B1DF89E7A6,0xB6Bad00525221EB28Eb911a0B1162a0709b4CE57,,IN,0,17625858417000000000,ok,,,,
0xace6a87d4d07c5f610220372d0ee1c530986665a7d5db8c9172ac45ca32febdc,20054485,2024-04-07 06:41:45.000000Z,0xB10E8451Ab27b0eC58307FB4671e9a4f5b156FE0,0xB6Bad00525221EB28Eb911a0B1162a0709b4CE57,,IN,0,11244725595000000000,ok,,,,
0x900e802c441f75f824c42a9d8ec486f8173bf93e361020de957a6c88a9be5d12,20054477,2024-04-07 06:40:25.000000Z,0x85b1Bcd80C942b27b4D30a3f74551bc84518F2A9,0xB6Bad00525221EB28Eb911a0B1162a0709b4CE57,,IN,0,11244725595000000000,ok,,,,
0x0b1db9cf8528dc587d628eaa70892a34abbef924ab75ff000e1509960bc721e2,20054466,2024-04-07 06:38:25.000000Z,0x3f23E69200b4Cf395779c0D3d9C651B1DF89E7A6,0xB6Bad00525221EB28Eb911a0B1162a0709b4CE57,,IN,0,17794495476000000000,ok,,,,
0x7362ad103bb48579b9bfcb0c764cc11f51bd193e551a0d9ac2c4194600c1d2ea,20054462,2024-04-07 06:37:45.000000Z,0xa150b3049C6594D4b9713F2242583062Ad8755bF,0xB6Bad00525221EB28Eb911a0B1162a0709b4CE57,,IN,0,15207179955724413453,ok,,,,
0x5192aa4eadc1b455f3c3e539b912babac18512861bb6941d9362cbc108ad9859,20054405,2024-04-07 06:28:15.000000Z,0x27F45c422716eeF3F46A0c361Af7C7cb193f65A5,0xB6Bad00525221EB28Eb911a0B1162a0709b4CE57,,IN,0,18192299869925078616,ok,,,,
0x827fead35be62238e3c7a43c5f8b79a0c09f134757d00cd544eefa9268947201,20054352,2024-04-07 06:19:25.000000Z,0x27F45c422716eeF3F46A0c361Af7C7cb193f65A5,0xB6Bad00525221EB28Eb911a0B1162a0709b4CE57,,IN,0,17839791357014345499,ok,,,,
0xe7610f2c0ee52944d8ff4fa31db790b9c86f437727328a84c49290f6f934110f,20054294,2024-04-07 06:09:15.000000Z,0x6454b54CD2c83a14DF9cB27B5bcd73493FD80Da2,0xB6Bad00525221EB28Eb911a0B1162a0709b4CE57,,IN,0,486071760013013366010,ok,,,,
0x02764c0bd54914ce30ff7294426496e70689cb233b5e0465ca699c507df4f009,20054221,2024-04-07 05:56:55.000000Z,0x3d07b7163b04782098D2407bF58777de7d1Cea76,0xB6Bad00525221EB28Eb911a0B1162a0709b4CE57,,IN,0,18808482343395666285,ok,,,,
0x5281a96164a2f6791af55ae73680477a5731c83e58313ec9508d8950491fde5b,20054203,2024-04-07 05:53:45.000000Z,0x85b1Bcd80C942b27b4D30a3f74551bc84518F2A9,0xB6Bad00525221EB28Eb911a0B1162a0709b4CE57,,IN,0,21427205211000000000,ok,,,,
0x13138086a72bd45908b47f4ceb988e4a12c01e47be1a3dff29369f36cea5366a,20054157,2024-04-07 05:46:05.000000Z,0xF7a80005254966d50a8Db09D46A979186B29BE15,0xB6Bad00525221EB28Eb911a0B1162a0709b4CE57,,IN,0,356129898810000000000,ok,,,,
0x9b80ec9b36f9ee4c99fbdc2a4525bc12832ab3ff3685b2c0946c70f264ebc469,20054155,2024-04-07 05:45:45.000000Z,0xB10E8451Ab27b0eC58307FB4671e9a4f5b156FE0,0xB6Bad00525221EB28Eb911a0B1162a0709b4CE57,,IN,0,24639401367000000000,ok,,,,
0xeb9d40340b6dd318eb69d347de93fffc6598486ead1bb6cd5c17561bfea350ee,20054071,2024-04-07 05:31:15.000000Z,0xd2A672bCE1455906C47daBdf30a9078FFAcD806a,0xB6Bad00525221EB28Eb911a0B1162a0709b4CE57,,IN,0,16053511974996566880,ok,,,,
0x79f61e04cc4ad90308e702e874a67ff52b89172b72e1f7e7fbfd20172ce47b55,20054071,2024-04-07 05:31:15.000000Z,0x80966bAc6aCb6EeF97dB9DA4a73E36B587Fc31d1,0xB6Bad00525221EB28Eb911a0B1162a0709b4CE57,,IN,0,44338761329718458517,ok,,,,
0xa2ddb92066c20ebc0e7bcd9d9c47910cc26a3610b0510e175e8b55fdaa0d4d9c,20053981,2024-04-07 05:15:45.000000Z,0x8969c18fd98017A5097F7999F17AA4a8844f41ce,0xB6Bad00525221EB28Eb911a0B1162a0709b4CE57,,IN,0,11173562222206158540,ok,,,,
0x58fef5fce3a3a741746138768036aaa0f719883ee103a9f5f2d9ed94fb51bbae,20053966,2024-04-07 05:13:15.000000Z,0xE574419157E25D690bC3C174584A83a3990dc1ed,0xB6Bad00525221EB28Eb911a0B1162a0709b4CE57,,IN,0,19192943970926698248,ok,,,,
0x1dbae1c394d90536e868f1ba377374a1271617b3d82f48e4d2db2d7106a7ffa8,20053932,2024-04-07 05:07:25.000000Z,0x80966bAc6aCb6EeF97dB9DA4a73E36B587Fc31d1,0xB6Bad00525221EB28Eb911a0B1162a0709b4CE57,,IN,0,44338761329718458517,ok,,,,
0x2273e6b4d537cf74dd0adbbf3b6a03c97fd7a66a10c8c0997609f01b3197c3e7,20053923,2024-04-07 05:05:45.000000Z,0x80966bAc6aCb6EeF97dB9DA4a73E36B587Fc31d1,0xB6Bad00525221EB28Eb911a0B1162a0709b4CE57,,IN,0,44338761329718458517,ok,,,,
0x27dd5d073e3fa9636a18d287671ec363cb461295cb5f13d0e376e4f35353436e,20053918,2024-04-07 05:04:55.000000Z,0x9B83703fdCaddC572ADC87cb9CCd3e75E136c4a1,0xB6Bad00525221EB28Eb911a0B1162a0709b4CE57,,IN,0,58851489265475231142,ok,,,,
0x01ec464e303096e336a120dc6e759dfcd34919380bee1af9be308f41cbb1ec2c,20053915,2024-04-07 05:04:25.000000Z,0xd2A672bCE1455906C47daBdf30a9078FFAcD806a,0xB6Bad00525221EB28Eb911a0B1162a0709b4CE57,,IN,0,11786671382547830685,ok,,,,
0x7e004344eb983be0b9a465afd1f9f21e5588e87da2d2a4f911b7e6fa4b112f8a,20053908,2024-04-07 05:03:15.000000Z,0x9B83703fdCaddC572ADC87cb9CCd3e75E136c4a1,0xB6Bad00525221EB28Eb911a0B1162a0709b4CE57,,IN,0,59224688178225530205,ok,,,,
0xae37ad78ee05242715c56f1bcb1f8229b89614361e9ad4d565c437edd33d3791,20053904,2024-04-07 05:02:35.000000Z,0xB10E8451Ab27b0eC58307FB4671e9a4f5b156FE0,0xB6Bad00525221EB28Eb911a0B1162a0709b4CE57,,IN,0,21772575630000000000,ok,,,,
0x1cf2a68b38940b21031792c14919902d896e75558425b1b1c493e90ece226c33,20053904,2024-04-07 05:02:35.000000Z,0x80966bAc6aCb6EeF97dB9DA4a73E36B587Fc31d1,0xB6Bad00525221EB28Eb911a0B1162a0709b4CE57,,IN,0,44338761329718458517,ok,,,,
0x9e711ad5bfac9961c3a555c70720f7045debec41468de52c31ac97dcd94a0dc7,20053815,2024-04-07 04:47:05.000000Z,0x2BFF34FD29Aefa58deD31634e194F43C73c81c53,0xB6Bad00525221EB28Eb911a0B1162a0709b4CE57,,IN,0,18228734721000000000,ok,,,,
0x123c0a15775abdd20eb9354ac95c218873bddc4c060425dd83a4dd6946f8f31b,20053810,2024-04-07 04:46:15.000000Z,0x3Db9a60cbd652600657343Fcb61785b0a5211C56,0xB6Bad00525221EB28Eb911a0B1162a0709b4CE57,,IN,0,10505935751171903574,ok,,,,
0xfd55f918132f983ab970997df0214fb25b2f0762ca5e000856a8667aab062602,20053775,2024-04-07 04:40:25.000000Z,0x9F83A430081fBC7D03b36C1115213De1D8217D83,0xB6Bad00525221EB28Eb911a0B1162a0709b4CE57,,IN,0,15592088208284338689,ok,,,,
0xb05d134b15e856d28172f4fc5f008f1fd2218e7ea186219717e87a56f93f88bb,20053771,2024-04-07 04:39:45.000000Z,0x93ebB61eF5CB4797f9ccA87b7cD1Ebc9ef6267Bd,0xB6Bad00525221EB28Eb911a0B1162a0709b4CE57,,IN,0,18360750798771633666,ok,,,,
0xde8b85b3b5e626b7a953aeae9152863109906fd00d0d9437ca47a579df22a91e,20053736,2024-04-07 04:33:55.000000Z,0x2BFF34FD29Aefa58deD31634e194F43C73c81c53,0xB6Bad00525221EB28Eb911a0B1162a0709b4CE57,,IN,0,10111735075000000000,ok,,,,
0x4d0c5e71c558b0eaf5785324850180e937793b040811185569c0036cba3b8276,20053704,2024-04-07 04:28:35.000000Z,0x2BFF34FD29Aefa58deD31634e194F43C73c81c53,0xB6Bad00525221EB28Eb911a0B1162a0709b4CE57,,IN,0,17549857575000000000,ok,,,,
0xc5360fa60725c72f3036c8af18892d8ad4f9fe79080dc072840a534747b70b3e,20053596,2024-04-07 04:10:35.000000Z,0xD14CbBE8DA07Bf1A67cc72deB3192dA52F59c5eB,0xB6Bad00525221EB28Eb911a0B1162a0709b4CE57,,IN,0,13143553641010495110,ok,,,,
0x96bf0f0c054f02b691be6cc6b9cd78f04ff3db168807f0e61a1e0ce71fb2e453,20053596,2024-04-07 04:10:35.000000Z,0xD14CbBE8DA07Bf1A67cc72deB3192dA52F59c5eB,0xB6Bad00525221EB28Eb911a0B1162a0709b4CE57,,IN,0,21949987283997672180,ok,,,,
0x82b1a7ff7b45474c1fda53fab4317f8b38ab608d6c44b6312380e2c38c09ae6e,20053486,2024-04-07 03:51:55.000000Z,0x1814F2caa56d9B06D8195134B31Ef16F14B7d267,0xB6Bad00525221EB28Eb911a0B1162a0709b4CE57,,IN,0,12944321899556337342,ok,,,,
0x801a92ea88724dde89750d0da67a2a250f821f2e27744e8b84cdc5350cc8a6c6,20053474,2024-04-07 03:49:55.000000Z,0x1814F2caa56d9B06D8195134B31Ef16F14B7d267,0xB6Bad00525221EB28Eb911a0B1162a0709b4CE57,,IN,0,11941814678652861834,ok,,,,
0x74b076bf8d6069738c54e26c5128bb69fe8647bda2be26afd98b9f6defad331b,20053417,2024-04-07 03:40:05.000000Z,0x1814F2caa56d9B06D8195134B31Ef16F14B7d267,0xB6Bad00525221EB28Eb911a0B1162a0709b4CE57,,IN,0,22726801350273625696,ok,,,,
0x64b9143587e9669695ab8a25053f5cb6467fa2ff588c9deb11b2bf0b4114906c,20053401,2024-04-07 03:37:25.000000Z,0xa0231814CDbC584B4CB39312600de7BDf5e35592,0xB6Bad00525221EB28Eb911a0B1162a0709b4CE57,,IN,0,65048686200000000000,ok,,,,
0xecd2e5ad954547001c186e5aed76211fcca56f2faed5a275f6a7d4d12188305f,20053380,2024-04-07 03:33:55.000000Z,0x1814F2caa56d9B06D8195134B31Ef16F14B7d267,0xB6Bad00525221EB28Eb911a0B1162a0709b4CE57,,IN,0,39155369594847357774,ok,,,,
0x9f078ae23086b272c6c1c853953463f0d46895d373c89bba8089ef39a50d873d,20053367,2024-04-07 03:31:35.000000Z,0x1814F2caa56d9B06D8195134B31Ef16F14B7d267,0xB6Bad00525221EB28Eb911a0B1162a0709b4CE57,,IN,0,226715814129423098480,ok,,,,
0xda5b1c48eafa406f4a7941bf83c46b3a95917941346c4ee1f796a6f0bf976ea0,20053359,2024-04-07 03:30:15.000000Z,0xa0231814CDbC584B4CB39312600de7BDf5e35592,0xB6Bad00525221EB28Eb911a0B1162a0709b4CE57,,IN,0,55446375123000000000,ok,,,,
0x22f1d5169e19592d62d732b57ba26a9fe2b5fdd96917b6d409db4e93b9311469,20053357,2024-04-07 03:29:55.000000Z,0x1814F2caa56d9B06D8195134B31Ef16F14B7d267,0xB6Bad00525221EB28Eb911a0B1162a0709b4CE57,,IN,0,166353742546340987820,ok,,,,
0xd6cecc884871b5bb8c6febc7b6a40de14fd97ab5294d501287f3183409343c88,20053355,2024-04-07 03:29:35.000000Z,0xF0049eD5eF978cF3d152aCe5ABc35a18C231027a,0xB6Bad00525221EB28Eb911a0B1162a0709b4CE57,,IN,0,42404015166872043780,ok,,,,
0x987d2cae6c020f5f9d5b41df06fd27dfee2223fce34eff4b8b4c5c26e1759e74,20053349,2024-04-07 03:28:35.000000Z,0x1814F2caa56d9B06D8195134B31Ef16F14B7d267,0xB6Bad00525221EB28Eb911a0B1162a0709b4CE57,,IN,0,174676565948548844180,ok,,,,
0x5a379c4ca8b56b5816422e808b7d68226779a2fb7db3cab67fcb3e108dc8a29b,20053343,2024-04-07 03:27:35.000000Z,0x1814F2caa56d9B06D8195134B31Ef16F14B7d267,0xB6Bad00525221EB28Eb911a0B1162a0709b4CE57,,IN,0,35644210001161215732,ok,,,,
0x6aaaf8c7c82c14475b76520d71fbcc89f29e8da29963a6bbc95d1e7a47b0f963,20053326,2024-04-07 03:24:45.000000Z,0xF0049eD5eF978cF3d152aCe5ABc35a18C231027a,0xB6Bad00525221EB28Eb911a0B1162a0709b4CE57,,IN,0,20996430239276980470,ok,,,,
0xd3a8b84faf04288c58ac77b7a776a218ac8d9c9a4d240388f1456164d8f40dff,20053257,2024-04-07 03:12:45.000000Z,0xF2B91b26F0380C526144580CddA7a316E8223daD,0xB6Bad00525221EB28Eb911a0B1162a0709b4CE57,,IN,0,10325808382087682385,ok,,,,
0xff837c476c4e023d151191653de12178114da5bf91b619f97b19afdac45995b2,20053216,2024-04-07 03:05:55.000000Z,0x16019a4fDDe1856c6aFc4f4A71c9665F2cCf825D,0xB6Bad00525221EB28Eb911a0B1162a0709b4CE57,,IN,0,18325673098789556043,ok,,,,
0xaec1e6c62c7a7910cc2e0e23b4f88206f5f0e9f908108427f6714b7386407df9,20053190,2024-04-07 03:01:35.000000Z,0xe7941aDA51D8EEcbC83Be117c00e6cdD8e346e41,0xB6Bad00525221EB28Eb911a0B1162a0709b4CE57,,IN,0,17682429328639295769,ok,,,,
0x407e465d145a8b378ef1024c4c34e58adae1c6651f0cb27a1846e241b3c30514,20053186,2024-04-07 03:00:55.000000Z,0x7Bc7CfFB988771AAa5F442256f78Bf50EA07202C,0xB6Bad00525221EB28Eb911a0B1162a0709b4CE57,,IN,0,10910340454398259383,ok,,,,
0x971fa273e307d68528725c49f91d420a81c45ea31642a6aff7a221e2146f85d7,20053180,2024-04-07 02:59:55.000000Z,0xDCe348B15651E4058D56737e64a53F0c7a169B7D,0xB6Bad00525221EB28Eb911a0B1162a0709b4CE57,,IN,0,15685916491516874499,ok,,,,
0x9819b775a9ebed15a70a3f96ef291a6c97e669b024893e9a1c610f95b74ba6ef,20053158,2024-04-07 02:56:15.000000Z,0xe7941aDA51D8EEcbC83Be117c00e6cdD8e346e41,0xB6Bad00525221EB28Eb911a0B1162a0709b4CE57,,IN,0,20708959341256175070,ok,,,,
0x5a688c33b2de45c302b6b79fac580a267a27e0bd05faed0cfd861733a9daf712,20053134,2024-04-07 02:52:15.000000Z,0xe7941aDA51D8EEcbC83Be117c00e6cdD8e346e41,0xB6Bad00525221EB28Eb911a0B1162a0709b4CE57,,IN,0,8850439356095852802,ok,,,,
0x133ea346d6bd6b456aa11b05de14d91d57b469dd56989c9fe94c911db40b72f6,20053128,2024-04-07 02:51:15.000000Z,0xe7941aDA51D8EEcbC83Be117c00e6cdD8e346e41,0xB6Bad00525221EB28Eb911a0B1162a0709b4CE57,,IN,0,15523628122581355989,ok,,,,
0xc363e8f3dab9089cc6168d485662799c9203095dad27f00228fa9575a1fdf366,20053124,2024-04-07 02:50:35.000000Z,0xd2A672bCE1455906C47daBdf30a9078FFAcD806a,0xB6Bad00525221EB28Eb911a0B1162a0709b4CE57,,IN,0,21224949990375557007,ok,,,,
0xf1524be281f0c6971a132855148cd0d7b6e0bb1c28c4f0989b787b87e3c79346,20053106,2024-04-07 02:47:35.000000Z,0xDCe348B15651E4058D56737e64a53F0c7a169B7D,0xB6Bad00525221EB28Eb911a0B1162a0709b4CE57,,IN,0,16772828370943485315,ok,,,,
0x9af6a1b2331dc56af441d4582d5f32019b4576f0750ff6dfa35f75e7892fa38d,20053080,2024-04-07 02:43:15.000000Z,0x7fcC05E43ccdB37392aeAD1Dfb039bC965739e62,0xB6Bad00525221EB28Eb911a0B1162a0709b4CE57,,IN,0,16986976500029931198,ok,,,,
0x91732dbf6d1b67476b1aefae4575fb00a348fe8ed3e5ef56fc86840d5afa8c02,20053036,2024-04-07 02:35:55.000000Z,0xfBeC0614c7c710dE11D0b3FFe5b338fA718C345d,0xB6Bad00525221EB28Eb911a0B1162a0709b4CE57,,IN,0,20760854011964816661,ok,,,,
0x75fc418b4c417a6aeb5933c28641dc9a1b3acd31ac7ea689a2250b5bf97b032d,20053035,2024-04-07 02:35:45.000000Z,0x3Db1a74689e9d346b7EB58362B5634748f8eA905,0xB6Bad00525221EB28Eb911a0B1162a0709b4CE57,,IN,0,45645991692000000000,ok,,,,
0x0291852e4afd0578ca0bf4d58bc631ac70c930ba45980ef13cff71f4df925f80,20053034,2024-04-07 02:35:35.000000Z,0x653C6C4859C69E5Df0F86184f3203aEb2b3A3773,0xB6Bad00525221EB28Eb911a0B1162a0709b4CE57,,IN,0,17882089491369520629,ok,,,,
0xec31bb398d52ee07ee15848dcc62aa3101c27cbf566db00b60be8b2274c58daa,20053029,2024-04-07 02:34:45.000000Z,0x2A792af3b63f73E711c08A7855E1B9BDaCb78723,0xB6Bad00525221EB28Eb911a0B1162a0709b4CE57,,IN,0,358752194175454321452,ok,,,,
0xf7d50dafa906ee965144ec0425d5c5c0942cfddc8d8cc47a702e995e7fa2cf39,20053023,2024-04-07 02:33:45.000000Z,0xc29fB3e79e8d72326f288dfc677226b889329621,0xB6Bad00525221EB28Eb911a0B1162a0709b4CE57,,IN,0,16196524582381449669,ok,,,,
0x18e4365fa6faa3a0cafe43d68aba3fe6133d23952dee0452bdf963036354be55,20053011,2024-04-07 02:31:45.000000Z,0xB083379747fcE720cDCdA680CE34105990Ffdbd9,0xB6Bad00525221EB28Eb911a0B1162a0709b4CE57,,IN,0,15805948131151109838,ok,,,,
0x19fcf0edac6882d69b5fc4678660b2a3b1ce065dd60d74acfb28c2b2eb765b3f,20053002,2024-04-07 02:30:15.000000Z,0x93ebB61eF5CB4797f9ccA87b7cD1Ebc9ef6267Bd,0xB6Bad00525221EB28Eb911a0B1162a0709b4CE57,,IN,0,17194024375991853540,ok,,,,
0xd49d708120e8fbbdcaa7be8a1a142227f4eb86c43c2d936df3a3defcff030191,20053001,2024-04-07 02:30:05.000000Z,0x3Db1a74689e9d346b7EB58362B5634748f8eA905,0xB6Bad00525221EB28Eb911a0B1162a0709b4CE57,,IN,0,22986361062000000000,ok,,,,
0xebac3cd86f92fb2c1c4d68e7a1e6ffd74f42eec3a07aceca540c7228f4598be2,20052962,2024-04-07 02:23:35.000000Z,0x85b9ae63E45Ccb0267EAdC186f199104Ef76d453,0xB6Bad00525221EB28Eb911a0B1162a0709b4CE57,,IN,0,17081644044273274131,ok,,,,
0x6ef08a44bd5e1646503835ff8f6ce746f2532cb6bd68c7856e60b5dbb4cc4a4f,20052945,2024-04-07 02:20:35.000000Z,0x4b1827058fd93AE281009501A10326704DCc52E1,0xB6Bad00525221EB28Eb911a0B1162a0709b4CE57,,IN,0,29142130698000000000,ok,,,,
0x329b851b69164f1e24fbe543be631f149dcb029087413bd39ed4a9bc18607b98,20052917,2024-04-07 02:15:45.000000Z,0x4b1827058fd93AE281009501A10326704DCc52E1,0xB6Bad00525221EB28Eb911a0B1162a0709b4CE57,,IN,0,21445547985000000000,ok,,,,
0xfd0c0bcef967ecf57f339955cf13dbc9b96a6caf1f3fc6602edd2604f6fa0896,20052858,2024-04-07 02:05:55.000000Z,0x312894140bcB69f5e62e3EF149271c7b63cc26F9,0xB6Bad00525221EB28Eb911a0B1162a0709b4CE57,,IN,0,529106606935752528600,ok,,,,
0xc669399f2b5cd812eb081ecc710c834e64974d6590682044bcff515e5773c8a5,20052841,2024-04-07 02:02:55.000000Z,0xA327FFee4E9E16e92521aEf728B0435843B1397C,0xB6Bad00525221EB28Eb911a0B1162a0709b4CE57,,IN,0,29334279460364073783,ok,,,,
0x423f3c9c197bd85b7310cce452cc93295311c32b0087d4c23da78ae33bfcab38,20052765,2024-04-07 01:49:55.000000Z,0x46E193342Cb67415d76CcBD53c07334C25e11a14,0xB6Bad00525221EB28Eb911a0B1162a0709b4CE57,,IN,0,98817228676000000000,ok,,,,
0x09cba752fef31877a87cbb76c5c241cf11435372044a4c4e6291da82068172c2,20052745,2024-04-07 01:46:25.000000Z,0x653C6C4859C69E5Df0F86184f3203aEb2b3A3773,0xB6Bad00525221EB28Eb911a0B1162a0709b4CE57,,IN,0,20869515405940629588,ok,,,,
0xd16e8328c5a3c9099a40777dc351997090e718a8102f854cc3c99ce232361b4f,20052631,2024-04-07 01:27:15.000000Z,0x0C5B7ca5f56d2EB4c2cEF7fA3DA049b626BDD12f,0xB6Bad00525221EB28Eb911a0B1162a0709b4CE57,,IN,0,34964567142000000000,ok,,,,
0xefe27975dbee5354dec335e7a3e50b459f18c21dcaf657f263ead66bdf2d84dc,20052533,2024-04-07 01:10:45.000000Z,0xa150b3049C6594D4b9713F2242583062Ad8755bF,0xB6Bad00525221EB28Eb911a0B1162a0709b4CE57,,IN,0,41024715268686089997,ok,,,,
0x9ff0fc36fff0f9ea46f03e59975e5b713745da52369c9e22fc1a32905b0a2e5f,20052409,2024-04-07 00:49:45.000000Z,0xb9c8504a9EF6B0408564dfeB138fE0B28dD99AeB,0xB6Bad00525221EB28Eb911a0B1162a0709b4CE57,,IN,0,31099725529296720678,ok,,,,
0x981898952bfdb464da5874f0a6102357aa680285239b71e2a995cb5502d4a4e4,20052398,2024-04-07 00:47:35.000000Z,0xEbbBFed6851581e3cFD0D5F81B0DED86b9f25d23,0xB6Bad00525221EB28Eb911a0B1162a0709b4CE57,,IN,0,21233340931597901973,ok,,,,
0x99bdddeca3356a0a59a3e072f53b4fbf3e418d3ed17d06b915128bbd7176555d,20052381,2024-04-07 00:44:45.000000Z,0x46E193342Cb67415d76CcBD53c07334C25e11a14,0xB6Bad00525221EB28Eb911a0B1162a0709b4CE57,,IN,0,105506812376000000000,ok,,,,
0xec76fd8b3cbcce9321b45fe6e8931d11c0e11565e4edac027b2c29f5262d4948,20052368,2024-04-07 00:42:35.000000Z,0x46E193342Cb67415d76CcBD53c07334C25e11a14,0xB6Bad00525221EB28Eb911a0B1162a0709b4CE57,,IN,0,105506812376000000000,ok,,,,
0xe1762c0dc0de28a130d95406b3967015eb1273d2b7ef4afc0a9ddd93251f11d0,20052312,2024-04-07 00:32:35.000000Z,0x16019a4fDDe1856c6aFc4f4A71c9665F2cCf825D,0xB6Bad00525221EB28Eb911a0B1162a0709b4CE57,,IN,0,18381942196452574434,ok,,,,
0xe41e231d55a173c549968c048faf1537642d0d5eefe96ad77131c202fba89a15,20052279,2024-04-07 00:26:55.000000Z,0xAB89c7c5B171dBeb4dECa0Fa71A97afBF430713A,0xB6Bad00525221EB28Eb911a0B1162a0709b4CE57,,IN,0,37418407917000000000,ok,,,,
0x5a9ee62bb95e1aafdad96a2c5309827a6eff79cfbe7a0c0e5f08ac841cc26066,20052271,2024-04-07 00:25:25.000000Z,0xB73c95cA93126cC12B79ccc46B3C0cD4Ba099eDf,0xB6Bad00525221EB28Eb911a0B1162a0709b4CE57,,IN,0,28422745200240132690,ok,,,,
0xfc21806485b5b53dc31118ebd214f314f00625d5c2d5e6c0a08c14f6f4a12086,20052175,2024-04-07 00:08:55.000000Z,0x59392e7B67F019807B48A240149145A668B3A963,0xB6Bad00525221EB28Eb911a0B1162a0709b4CE57,,IN,0,55161903303634337091,ok,,,,
